,sig_id,pert_iname,pert_idose,pert_itime,distil_id,PMI guided stresscat
0,CPC004_HEPG2_6H:BRD-A17819071-001-02-1:10,gedunin,10 µM,6 h,CPC004_HEPG2_6H_X1_B5_DUO52HI53LO:B05|CPC004_HEPG2_6H_X2_F1B5_DUO52HI53LO:B05|CPC004_HEPG2_6H_X3.L2_F2B5_DUO52HI53LO:B05,HTS
1,CPC004_HEPG2_6H:BRD-A19500257:10,geldanamycin,10 µM,6 h,CPC004_HEPG2_6H_X1_B5_DUO52HI53LO:A03|CPC004_HEPG2_6H_X2_F1B5_DUO52HI53LO:A03|CPC004_HEPG2_6H_X3.L2_F2B5_DUO52HI53LO:A03,HTS
2,CPC006_HEPG2_6H:BRD-A19500257:10,geldanamycin,10 µM,6 h,CPC006_HEPG2_6H_X1.L2_F1B6_DUO52HI53LO:A03|CPC006_HEPG2_6H_X4_B4_DUO52HI53LO:A03|CPC006_HEPG2_6H_X5_B4_DUO52HI53LO:A03,HTS
3,CPC008_HEPG2_6H:BRD-A19500257:10,geldanamycin,10 µM,6 h,CPC008_HEPG2_6H_X1_F1B3_DUO52HI53LO:A03|CPC008_HEPG2_6H_X2_B4_DUO52HI53LO:A03|CPC008_HEPG2_6H_X3_B4_DUO52HI53LO:A03,HTS
4,CPC009_HEPG2_6H:BRD-A19500257:10,geldanamycin,10 µM,6 h,CPC009_HEPG2_6H_X1_B4_DUO52HI53LO:A03|CPC009_HEPG2_6H_X2_F1B3_DUO52HI53LO:A03|CPC009_HEPG2_6H_X3_F1B3_DUO52HI53LO:A03,HTS
5,CPC010_HEPG2_6H:BRD-A19500257:10,geldanamycin,10 µM,6 h,CPC010_HEPG2_6H_X1_B4_DUO52HI53LO:C01|CPC010_HEPG2_6H_X2_B4_DUO52HI53LO:C01|CPC010_HEPG2_6H_X3_B4_DUO52HI53LO:C01,HTS
6,CPC013_HEPG2_6H:BRD-A19500257:10,geldanamycin,10 µM,6 h,CPC013_HEPG2_6H_X1_B4_DUO52HI53LO:A03|CPC013_HEPG2_6H_X2_B4_DUO52HI53LO:A03|CPC013_HEPG2_6H_X3_F1B3_DUO52HI53LO:A03,HTS
7,CPC014_HEPG2_6H:BRD-A19500257:10,geldanamycin,10 µM,6 h,CPC014_HEPG2_6H_X1_F1B3_DUO52HI53LO:A03|CPC014_HEPG2_6H_X2_F1B3_DUO52HI53LO:A03|CPC014_HEPG2_6H_X3_F1B3_DUO52HI53LO:A03,HTS
8,CPC015_HEPG2_6H:BRD-A19500257:10,geldanamycin,10 µM,6 h,CPC015_HEPG2_6H_X2.L2_F2B5_DUO52HI53LO:A03|CPC015_HEPG2_6H_X3.L2_F1B5_DUO52HI53LO:A03,HTS
9,CPC016_HEPG2_6H:BRD-A19500257:10,geldanamycin,10 µM,6 h,CPC016_HEPG2_6H_X1_F1B4_DUO52HI53LO:A03|CPC016_HEPG2_6H_X3_F1B4_DUO52HI53LO:A03|CPC016_HEPG2_6H_X4_F1B4_DUO52HI53LO:A03,HTS
10,CPC017_HEPG2_6H:BRD-A19500257:10,geldanamycin,10 µM,6 h,CPC017_HEPG2_6H_X1_F1B4_DUO52HI53LO:A03|CPC017_HEPG2_6H_X3_F1B4_DUO52HI53LO:A03|CPC017_HEPG2_6H_X4_F1B4_DUO52HI53LO:A03,HTS
11,CPC018_HEPG2_6H:BRD-A19500257:10,geldanamycin,10 µM,6 h,CPC018_HEPG2_6H_X1_F1B3_DUO52HI53LO:A03|CPC018_HEPG2_6H_X2_F1B4_DUO52HI53LO:A03|CPC018_HEPG2_6H_X3_F1B3_DUO52HI53LO:A03,HTS
12,CPC019_HEPG2_6H:BRD-A19500257:10,geldanamycin,10 µM,6 h,CPC019_HEPG2_6H_X1_F1B3_DUO52HI53LO:A03|CPC019_HEPG2_6H_X2_F1B4_DUO52HI53LO:A03|CPC019_HEPG2_6H_X3_F1B3_DUO52HI53LO:A03,HTS
13,CVD001_HEPG2_24H:BRD-A19500257:10,geldanamycin,10 µM,24 h,CVD001_HEPG2_24H_X1_F1B3_DUO52HI53LO:A03|CVD001_HEPG2_24H_X2_F1B3_DUO52HI53LO:A03|CVD001_HEPG2_24H_X3_F1B3_DUO52HI53LO:A03,HTS
14,CVD001_HEPG2_6H:BRD-A19500257:10,geldanamycin,10 µM,6 h,CVD001_HEPG2_6H_X1_F1B3_DUO52HI53LO:A03|CVD001_HEPG2_6H_X2_F1B3_DUO52HI53LO:A03|CVD001_HEPG2_6H_X3_F1B3_DUO52HI53LO:A03,HTS
15,PCLB002_HEPG2_24H:BRD-A19500257:0.04,geldanamycin,0.04 µM,24 h,PCLB002_HEPG2_24H_X1_B13:F24|PCLB002_HEPG2_24H_X1_B13:I18|PCLB002_HEPG2_24H_X2_B13:F24|PCLB002_HEPG2_24H_X2_B13:I18|PCLB002_HEPG2_24H_X3_B13:F24|PCLB002_HEPG2_24H_X3_B13:I18,HTS
16,PCLB002_HEPG2_24H:BRD-A19500257:0.12,geldanamycin,0.12 µM,24 h,PCLB002_HEPG2_24H_X1_B13:F23|PCLB002_HEPG2_24H_X1_B13:I17|PCLB002_HEPG2_24H_X2_B13:F23|PCLB002_HEPG2_24H_X2_B13:I17|PCLB002_HEPG2_24H_X3_B13:F23|PCLB002_HEPG2_24H_X3_B13:I17,HTS
17,PCLB002_HEPG2_24H:BRD-A19500257:0.37,geldanamycin,0.37 µM,24 h,PCLB002_HEPG2_24H_X1_B13:F22|PCLB002_HEPG2_24H_X1_B13:I16|PCLB002_HEPG2_24H_X2_B13:F22|PCLB002_HEPG2_24H_X2_B13:I16|PCLB002_HEPG2_24H_X3_B13:F22|PCLB002_HEPG2_24H_X3_B13:I16,HTS
18,PCLB002_HEPG2_24H:BRD-A19500257:1.11,geldanamycin,1.11 µM,24 h,PCLB002_HEPG2_24H_X1_B13:F21|PCLB002_HEPG2_24H_X1_B13:I15|PCLB002_HEPG2_24H_X2_B13:F21|PCLB002_HEPG2_24H_X2_B13:I15|PCLB002_HEPG2_24H_X3_B13:F21|PCLB002_HEPG2_24H_X3_B13:I15,HTS
19,PCLB002_HEPG2_24H:BRD-A19500257:10,geldanamycin,10 µM,24 h,PCLB002_HEPG2_24H_X1_B13:F19|PCLB002_HEPG2_24H_X1_B13:I13|PCLB002_HEPG2_24H_X2_B13:F19|PCLB002_HEPG2_24H_X2_B13:I13|PCLB002_HEPG2_24H_X3_B13:F19|PCLB002_HEPG2_24H_X3_B13:I13,HTS
20,PCLB002_HEPG2_24H:BRD-A19500257:3.33,geldanamycin,3.33 µM,24 h,PCLB002_HEPG2_24H_X1_B13:F20|PCLB002_HEPG2_24H_X1_B13:I14|PCLB002_HEPG2_24H_X2_B13:F20|PCLB002_HEPG2_24H_X2_B13:I14|PCLB002_HEPG2_24H_X3_B13:F20|PCLB002_HEPG2_24H_X3_B13:I14,HTS
21,PCLB003_HEPG2_24H:BRD-A19500257-001-01-3:0.04,geldanamycin,0.04 µM,24 h,PCLB003_HEPG2_24H_X1_B13:F24|PCLB003_HEPG2_24H_X2_B13:F24|PCLB003_HEPG2_24H_X3_B13:F24,HTS
22,PCLB003_HEPG2_24H:BRD-A19500257-001-01-3:0.12,geldanamycin,0.12 µM,24 h,PCLB003_HEPG2_24H_X1_B13:F23|PCLB003_HEPG2_24H_X2_B13:F23|PCLB003_HEPG2_24H_X3_B13:F23,HTS
23,PCLB003_HEPG2_24H:BRD-A19500257-001-01-3:0.37,geldanamycin,0.37 µM,24 h,PCLB003_HEPG2_24H_X1_B13:F22|PCLB003_HEPG2_24H_X2_B13:F22|PCLB003_HEPG2_24H_X3_B13:F22,HTS
24,PCLB003_HEPG2_24H:BRD-A19500257-001-01-3:1.11,geldanamycin,1.11 µM,24 h,PCLB003_HEPG2_24H_X1_B13:F21|PCLB003_HEPG2_24H_X2_B13:F21|PCLB003_HEPG2_24H_X3_B13:F21,HTS
25,PCLB003_HEPG2_24H:BRD-A19500257-001-01-3:10,geldanamycin,10 µM,24 h,PCLB003_HEPG2_24H_X1_B13:F19|PCLB003_HEPG2_24H_X2_B13:F19|PCLB003_HEPG2_24H_X3_B13:F19,HTS
26,PCLB003_HEPG2_24H:BRD-A19500257-001-01-3:3.33,geldanamycin,3.33 µM,24 h,PCLB003_HEPG2_24H_X1_B13:F20|PCLB003_HEPG2_24H_X2_B13:F20|PCLB003_HEPG2_24H_X3_B13:F20,HTS
27,LJP005_HEPG2_24H:O01,geldanamycin,10.0 um,24 h,LJP005_HEPG2_24H_X1_B19:O01|LJP005_HEPG2_24H_X2_B19:O01|LJP005_HEPG2_24H_X3_B19:O01,HTS
28,LJP005_HEPG2_24H:O02,geldanamycin,3.33 um,24 h,LJP005_HEPG2_24H_X1_B19:O02|LJP005_HEPG2_24H_X2_B19:O02|LJP005_HEPG2_24H_X3_B19:O02,HTS
29,LJP005_HEPG2_24H:O03,geldanamycin,1.11 um,24 h,LJP005_HEPG2_24H_X1_B19:O03|LJP005_HEPG2_24H_X2_B19:O03|LJP005_HEPG2_24H_X3_B19:O03,HTS
30,LJP005_HEPG2_24H:O04,geldanamycin,0.37 um,24 h,LJP005_HEPG2_24H_X1_B19:O04|LJP005_HEPG2_24H_X2_B19:O04|LJP005_HEPG2_24H_X3_B19:O04,HTS
31,LJP005_HEPG2_24H:O05,geldanamycin,0.12 um,24 h,LJP005_HEPG2_24H_X1_B19:O05|LJP005_HEPG2_24H_X2_B19:O05|LJP005_HEPG2_24H_X3_B19:O05,HTS
32,LJP005_HEPG2_24H:O06,geldanamycin,0.04 um,24 h,LJP005_HEPG2_24H_X1_B19:O06|LJP005_HEPG2_24H_X2_B19:O06|LJP005_HEPG2_24H_X3_B19:O06,HTS
33,LJP006_HEPG2_24H:O01,geldanamycin,10.0 um,24 h,LJP006_HEPG2_24H_X1_B19:O01|LJP006_HEPG2_24H_X2_B19:O01|LJP006_HEPG2_24H_X3_B19:O01,HTS
34,LJP006_HEPG2_24H:O02,geldanamycin,3.33 um,24 h,LJP006_HEPG2_24H_X1_B19:O02|LJP006_HEPG2_24H_X2_B19:O02|LJP006_HEPG2_24H_X3_B19:O02,HTS
35,LJP006_HEPG2_24H:O03,geldanamycin,1.11 um,24 h,LJP006_HEPG2_24H_X1_B19:O03|LJP006_HEPG2_24H_X2_B19:O03|LJP006_HEPG2_24H_X3_B19:O03,HTS
36,LJP006_HEPG2_24H:O04,geldanamycin,0.37 um,24 h,LJP006_HEPG2_24H_X1_B19:O04|LJP006_HEPG2_24H_X2_B19:O04|LJP006_HEPG2_24H_X3_B19:O04,HTS
37,LJP006_HEPG2_24H:O05,geldanamycin,0.12 um,24 h,LJP006_HEPG2_24H_X1_B19:O05|LJP006_HEPG2_24H_X2_B19:O05|LJP006_HEPG2_24H_X3_B19:O05,HTS
38,LJP006_HEPG2_24H:O06,geldanamycin,0.04 um,24 h,LJP006_HEPG2_24H_X1_B19:O06|LJP006_HEPG2_24H_X2_B19:O06|LJP006_HEPG2_24H_X3_B19:O06,HTS
39,CPC004_HEPG2_6H:BRD-A28746609-001-05-7:10,paclitaxel,10 µM,6 h,CPC004_HEPG2_6H_X1_B5_DUO52HI53LO:H06|CPC004_HEPG2_6H_X2_F1B5_DUO52HI53LO:H06|CPC004_HEPG2_6H_X3.L2_F2B5_DUO52HI53LO:H06,DNA
40,CPC015_HEPG2_6H:BRD-A28746609-001-05-7:10,paclitaxel,10 µM,6 h,CPC015_HEPG2_6H_X2.L2_F2B5_DUO52HI53LO:J07|CPC015_HEPG2_6H_X3.L2_F1B5_DUO52HI53LO:J07,DNA
41,CPC017_HEPG2_6H:BRD-A23723433-001-01-2:10,paclitaxel,10 µM,6 h,CPC017_HEPG2_6H_X1_F1B4_DUO52HI53LO:H15|CPC017_HEPG2_6H_X3_F1B4_DUO52HI53LO:H15|CPC017_HEPG2_6H_X4_F1B4_DUO52HI53LO:H15,DNA
42,CPC004_HEPG2_6H:BRD-A48237631-001-03-0:10,mitomycin-c,10 µM,6 h,CPC004_HEPG2_6H_X1_B5_DUO52HI53LO:D05|CPC004_HEPG2_6H_X2_F1B5_DUO52HI53LO:D05|CPC004_HEPG2_6H_X3.L2_F2B5_DUO52HI53LO:D05,DNA
43,CPC015_HEPG2_6H:BRD-A48237631-001-03-0:10,mitomycin-c,10 µM,6 h,CPC015_HEPG2_6H_X2.L2_F2B5_DUO52HI53LO:E24|CPC015_HEPG2_6H_X3.L2_F1B5_DUO52HI53LO:E24,DNA
44,CPC004_HEPG2_6H:BRD-A52530684-001-01-1:10,doxorubicin,10 µM,6 h,CPC004_HEPG2_6H_X1_B5_DUO52HI53LO:K11|CPC004_HEPG2_6H_X2_F1B5_DUO52HI53LO:K11|CPC004_HEPG2_6H_X3.L2_F2B5_DUO52HI53LO:K11,DNA
45,CPC015_HEPG2_6H:BRD-K92093830-003-05-0:10,doxorubicin,10 µM,6 h,CPC015_HEPG2_6H_X2.L2_F2B5_DUO52HI53LO:J12|CPC015_HEPG2_6H_X3.L2_F1B5_DUO52HI53LO:J12,DNA
46,CPC018_HEPG2_6H:BRD-A52530684-001-01-1:10,doxorubicin,10 µM,6 h,CPC018_HEPG2_6H_X1_F1B3_DUO52HI53LO:A12|CPC018_HEPG2_6H_X2_F1B4_DUO52HI53LO:A12|CPC018_HEPG2_6H_X3_F1B3_DUO52HI53LO:A12,DNA
47,PCLB003_HEPG2_24H:BRD-A52530684-003-01-7:0.04,doxorubicin,0.04 µM,24 h,PCLB003_HEPG2_24H_X1_B13:P18|PCLB003_HEPG2_24H_X2_B13:P18|PCLB003_HEPG2_24H_X3_B13:P18,DNA
48,PCLB003_HEPG2_24H:BRD-A52530684-003-01-7:0.12,doxorubicin,0.12 µM,24 h,PCLB003_HEPG2_24H_X1_B13:P17|PCLB003_HEPG2_24H_X2_B13:P17|PCLB003_HEPG2_24H_X3_B13:P17,DNA
49,PCLB003_HEPG2_24H:BRD-A52530684-003-01-7:0.37,doxorubicin,0.37 µM,24 h,PCLB003_HEPG2_24H_X1_B13:P16|PCLB003_HEPG2_24H_X2_B13:P16|PCLB003_HEPG2_24H_X3_B13:P16,DNA
50,PCLB003_HEPG2_24H:BRD-A52530684-003-01-7:1.11,doxorubicin,1.11 µM,24 h,PCLB003_HEPG2_24H_X1_B13:P15|PCLB003_HEPG2_24H_X2_B13:P15|PCLB003_HEPG2_24H_X3_B13:P15,DNA
51,PCLB003_HEPG2_24H:BRD-A52530684-003-01-7:10,doxorubicin,10 µM,24 h,PCLB003_HEPG2_24H_X1_B13:P13|PCLB003_HEPG2_24H_X2_B13:P13|PCLB003_HEPG2_24H_X3_B13:P13,DNA
52,PCLB003_HEPG2_24H:BRD-A52530684-003-01-7:3.33,doxorubicin,3.33 µM,24 h,PCLB003_HEPG2_24H_X1_B13:P14|PCLB003_HEPG2_24H_X2_B13:P14|PCLB003_HEPG2_24H_X3_B13:P14,DNA
53,CPC004_HEPG2_6H:BRD-A91699651-316-06-7:10,chloroquine,10 µM,6 h,CPC004_HEPG2_6H_X1_B5_DUO52HI53LO:F17|CPC004_HEPG2_6H_X2_F1B5_DUO52HI53LO:F17|CPC004_HEPG2_6H_X3.L2_F2B5_DUO52HI53LO:F17,ERS
54,CPC004_HEPG2_6H:BRD-A91699651-316-06-7:10,chloroquine,10 µM,6 h,CPC004_HEPG2_6H_X1_B5_DUO52HI53LO:F17|CPC004_HEPG2_6H_X2_F1B5_DUO52HI53LO:F17|CPC004_HEPG2_6H_X3.L2_F2B5_DUO52HI53LO:F17,OXD
55,CPC006_HEPG2_6H:BRD-A91699651-316-06-7:10,chloroquine,10 µM,6 h,CPC006_HEPG2_6H_X1.L2_F1B6_DUO52HI53LO:E04|CPC006_HEPG2_6H_X4_B4_DUO52HI53LO:E04|CPC006_HEPG2_6H_X5_B4_DUO52HI53LO:E04,ERS
56,CPC006_HEPG2_6H:BRD-A91699651-316-06-7:10,chloroquine,10 µM,6 h,CPC006_HEPG2_6H_X1.L2_F1B6_DUO52HI53LO:E04|CPC006_HEPG2_6H_X4_B4_DUO52HI53LO:E04|CPC006_HEPG2_6H_X5_B4_DUO52HI53LO:E04,OXD
57,CPC018_HEPG2_6H:BRD-A91699651-316-06-7:10,chloroquine,10 µM,6 h,CPC018_HEPG2_6H_X1_F1B3_DUO52HI53LO:C09|CPC018_HEPG2_6H_X2_F1B4_DUO52HI53LO:C09|CPC018_HEPG2_6H_X3_F1B3_DUO52HI53LO:C09,ERS
58,CPC018_HEPG2_6H:BRD-A91699651-316-06-7:10,chloroquine,10 µM,6 h,CPC018_HEPG2_6H_X1_F1B3_DUO52HI53LO:C09|CPC018_HEPG2_6H_X2_F1B4_DUO52HI53LO:C09|CPC018_HEPG2_6H_X3_F1B3_DUO52HI53LO:C09,OXD
59,CPC004_HEPG2_6H:BRD-K12539581-001-14-6:10,nocodazole,10 µM,6 h,CPC004_HEPG2_6H_X1_B5_DUO52HI53LO:F02|CPC004_HEPG2_6H_X2_F1B5_DUO52HI53LO:F02|CPC004_HEPG2_6H_X3.L2_F2B5_DUO52HI53LO:F02,DNA
60,CPC015_HEPG2_6H:BRD-K12539581-001-14-6:10,nocodazole,10 µM,6 h,CPC015_HEPG2_6H_X2.L2_F2B5_DUO52HI53LO:H09|CPC015_HEPG2_6H_X3.L2_F1B5_DUO52HI53LO:H09,DNA
61,CPC004_HEPG2_6H:BRD-K29673530-001-03-9:10,hypericin,10 µM,6 h,CPC004_HEPG2_6H_X1_B5_DUO52HI53LO:P02|CPC004_HEPG2_6H_X2_F1B5_DUO52HI53LO:P02|CPC004_HEPG2_6H_X3.L2_F2B5_DUO52HI53LO:P02,HTS
62,CPC015_HEPG2_6H:BRD-K29673530-001-03-9:10,hypericin,10 µM,6 h,CPC015_HEPG2_6H_X2.L2_F2B5_DUO52HI53LO:A05|CPC015_HEPG2_6H_X3.L2_F1B5_DUO52HI53LO:A05,HTS
63,CPC004_HEPG2_6H:BRD-K43389675-001-01-3:10,daunorubicin,10 µM,6 h,CPC004_HEPG2_6H_X1_B5_DUO52HI53LO:E07|CPC004_HEPG2_6H_X2_F1B5_DUO52HI53LO:E07|CPC004_HEPG2_6H_X3.L2_F2B5_DUO52HI53LO:E07,DNA
64,CPC009_HEPG2_6H:BRD-A68009927-001-02-3:10,daunorubicin,10 µM,6 h,CPC009_HEPG2_6H_X1_B4_DUO52HI53LO:J23|CPC009_HEPG2_6H_X2_F1B3_DUO52HI53LO:J23|CPC009_HEPG2_6H_X3_F1B3_DUO52HI53LO:J23,DNA
65,CPC013_HEPG2_6H:BRD-K17210248-003-01-7:10,daunorubicin,10 µM,6 h,CPC013_HEPG2_6H_X2_B4_DUO52HI53LO:A12|CPC013_HEPG2_6H_X3_F1B3_DUO52HI53LO:A12,DNA
66,CPC015_HEPG2_6H:BRD-A68009927-003-02-9:10,daunorubicin,10 µM,6 h,CPC015_HEPG2_6H_X2.L2_F2B5_DUO52HI53LO:E11|CPC015_HEPG2_6H_X3.L2_F1B5_DUO52HI53LO:E11,DNA
67,CPC017_HEPG2_6H:BRD-K43389675-001-01-3:10,daunorubicin,10 µM,6 h,CPC017_HEPG2_6H_X1_F1B4_DUO52HI53LO:K22|CPC017_HEPG2_6H_X3_F1B4_DUO52HI53LO:K22|CPC017_HEPG2_6H_X4_F1B4_DUO52HI53LO:K22,DNA
68,CPC004_HEPG2_6H:BRD-K55468218-001-16-2:10,spiperone,10 µM,6 h,CPC004_HEPG2_6H_X1_B5_DUO52HI53LO:E14|CPC004_HEPG2_6H_X2_F1B5_DUO52HI53LO:E14|CPC004_HEPG2_6H_X3.L2_F2B5_DUO52HI53LO:E14,ERS
69,CPC016_HEPG2_6H:BRD-K55468218-001-16-2:10,spiperone,10 µM,6 h,CPC016_HEPG2_6H_X1_F1B4_DUO52HI53LO:L02|CPC016_HEPG2_6H_X3_F1B4_DUO52HI53LO:L02|CPC016_HEPG2_6H_X4_F1B4_DUO52HI53LO:L02,ERS
70,CVD001_HEPG2_24H:BRD-K55468218-001-16-2:10,spiperone,10 µM,24 h,CVD001_HEPG2_24H_X1_F1B3_DUO52HI53LO:G15|CVD001_HEPG2_24H_X2_F1B3_DUO52HI53LO:G15|CVD001_HEPG2_24H_X3_F1B3_DUO52HI53LO:G15,ERS
71,CVD001_HEPG2_24H:BRD-K55468218-001-16-2:2.5,spiperone,3 µM,24 h,CVD001_HEPG2_24H_X1_F1B3_DUO52HI53LO:H15|CVD001_HEPG2_24H_X2_F1B3_DUO52HI53LO:H15|CVD001_HEPG2_24H_X3_F1B3_DUO52HI53LO:H15,ERS
72,CVD001_HEPG2_6H:BRD-K55468218-001-16-2:10,spiperone,10 µM,6 h,CVD001_HEPG2_6H_X1_F1B3_DUO52HI53LO:G15|CVD001_HEPG2_6H_X2_F1B3_DUO52HI53LO:G15|CVD001_HEPG2_6H_X3_F1B3_DUO52HI53LO:G15,ERS
73,CVD001_HEPG2_6H:BRD-K55468218-001-16-2:2.5,spiperone,3 µM,6 h,CVD001_HEPG2_6H_X1_F1B3_DUO52HI53LO:H15|CVD001_HEPG2_6H_X2_F1B3_DUO52HI53LO:H15|CVD001_HEPG2_6H_X3_F1B3_DUO52HI53LO:H15,ERS
74,CPC004_HEPG2_6H:BRD-K81418486:10,vorinostat,10 µM,6 h,CPC004_HEPG2_6H_X1_B5_DUO52HI53LO:B04|CPC004_HEPG2_6H_X2_F1B5_DUO52HI53LO:B04|CPC004_HEPG2_6H_X3.L2_F2B5_DUO52HI53LO:B04,DNA
75,CPC006_HEPG2_6H:BRD-K81418486-001-13-7:11.1,vorinostat,10 µM,6 h,CPC006_HEPG2_6H_X1.L2_F1B6_DUO52HI53LO:J17|CPC006_HEPG2_6H_X4_B4_DUO52HI53LO:J17|CPC006_HEPG2_6H_X5_B4_DUO52HI53LO:J17,DNA
76,CPC006_HEPG2_6H:BRD-K81418486:10,vorinostat,10 µM,6 h,CPC006_HEPG2_6H_X1.L2_F1B6_DUO52HI53LO:B04|CPC006_HEPG2_6H_X4_B4_DUO52HI53LO:B04|CPC006_HEPG2_6H_X5_B4_DUO52HI53LO:B04,DNA
77,CPC008_HEPG2_6H:BRD-K81418486:10,vorinostat,10 µM,6 h,CPC008_HEPG2_6H_X1_F1B3_DUO52HI53LO:B04|CPC008_HEPG2_6H_X2_B4_DUO52HI53LO:B04|CPC008_HEPG2_6H_X3_B4_DUO52HI53LO:B04,DNA
78,CPC009_HEPG2_6H:BRD-K81418486:10,vorinostat,10 µM,6 h,CPC009_HEPG2_6H_X1_B4_DUO52HI53LO:B04|CPC009_HEPG2_6H_X2_F1B3_DUO52HI53LO:B04|CPC009_HEPG2_6H_X3_F1B3_DUO52HI53LO:B04,DNA
79,CPC010_HEPG2_6H:BRD-K81418486:10,vorinostat,10 µM,6 h,CPC010_HEPG2_6H_X1_B4_DUO52HI53LO:D02|CPC010_HEPG2_6H_X2_B4_DUO52HI53LO:D02|CPC010_HEPG2_6H_X3_B4_DUO52HI53LO:D02,DNA
80,CPC013_HEPG2_6H:BRD-K81418486:10,vorinostat,10 µM,6 h,CPC013_HEPG2_6H_X1_B4_DUO52HI53LO:B04|CPC013_HEPG2_6H_X2_B4_DUO52HI53LO:B04|CPC013_HEPG2_6H_X3_F1B3_DUO52HI53LO:B04,DNA
81,CPC014_HEPG2_6H:BRD-K81418486:10,vorinostat,10 µM,6 h,CPC014_HEPG2_6H_X1_F1B3_DUO52HI53LO:B04|CPC014_HEPG2_6H_X2_F1B3_DUO52HI53LO:B04|CPC014_HEPG2_6H_X3_F1B3_DUO52HI53LO:B04,DNA
82,CPC015_HEPG2_6H:BRD-K81418486:10,vorinostat,10 µM,6 h,CPC015_HEPG2_6H_X2.L2_F2B5_DUO52HI53LO:B04|CPC015_HEPG2_6H_X3.L2_F1B5_DUO52HI53LO:B04,DNA
83,CPC016_HEPG2_6H:BRD-K81418486:10,vorinostat,10 µM,6 h,CPC016_HEPG2_6H_X1_F1B4_DUO52HI53LO:B04|CPC016_HEPG2_6H_X3_F1B4_DUO52HI53LO:B04|CPC016_HEPG2_6H_X4_F1B4_DUO52HI53LO:B04,DNA
84,CPC017_HEPG2_6H:BRD-K81418486:10,vorinostat,10 µM,6 h,CPC017_HEPG2_6H_X1_F1B4_DUO52HI53LO:B04|CPC017_HEPG2_6H_X3_F1B4_DUO52HI53LO:B04|CPC017_HEPG2_6H_X4_F1B4_DUO52HI53LO:B04,DNA
85,CPC018_HEPG2_6H:BRD-K81418486:10,vorinostat,10 µM,6 h,CPC018_HEPG2_6H_X1_F1B3_DUO52HI53LO:B04|CPC018_HEPG2_6H_X2_F1B4_DUO52HI53LO:B04|CPC018_HEPG2_6H_X3_F1B3_DUO52HI53LO:B04,DNA
86,CPC019_HEPG2_6H:BRD-K81418486:10,vorinostat,10 µM,6 h,CPC019_HEPG2_6H_X1_F1B3_DUO52HI53LO:B04|CPC019_HEPG2_6H_X2_F1B4_DUO52HI53LO:B04|CPC019_HEPG2_6H_X3_F1B3_DUO52HI53LO:B04,DNA
87,CVD001_HEPG2_24H:BRD-K81418486:10,vorinostat,10 µM,24 h,CVD001_HEPG2_24H_X2_F1B3_DUO52HI53LO:B04|CVD001_HEPG2_24H_X3_F1B3_DUO52HI53LO:B04,DNA
88,CVD001_HEPG2_6H:BRD-K81418486:10,vorinostat,10 µM,6 h,CVD001_HEPG2_6H_X1_F1B3_DUO52HI53LO:B04|CVD001_HEPG2_6H_X2_F1B3_DUO52HI53LO:B04|CVD001_HEPG2_6H_X3_F1B3_DUO52HI53LO:B04,DNA
89,PCLB002_HEPG2_24H:BRD-K81418486:0.04,vorinostat,0.04 µM,24 h,PCLB002_HEPG2_24H_X1_B13:C18|PCLB002_HEPG2_24H_X2_B13:C18|PCLB002_HEPG2_24H_X3_B13:C18,DNA
90,PCLB002_HEPG2_24H:BRD-K81418486:0.12,vorinostat,0.12 µM,24 h,PCLB002_HEPG2_24H_X1_B13:C17|PCLB002_HEPG2_24H_X2_B13:C17|PCLB002_HEPG2_24H_X3_B13:C17,DNA
91,PCLB002_HEPG2_24H:BRD-K81418486:0.37,vorinostat,0.37 µM,24 h,PCLB002_HEPG2_24H_X1_B13:C16|PCLB002_HEPG2_24H_X2_B13:C16|PCLB002_HEPG2_24H_X3_B13:C16,DNA
92,PCLB002_HEPG2_24H:BRD-K81418486:1.11,vorinostat,1.11 µM,24 h,PCLB002_HEPG2_24H_X1_B13:C15|PCLB002_HEPG2_24H_X2_B13:C15|PCLB002_HEPG2_24H_X3_B13:C15,DNA
93,PCLB002_HEPG2_24H:BRD-K81418486:10,vorinostat,10 µM,24 h,PCLB002_HEPG2_24H_X1_B13:C13|PCLB002_HEPG2_24H_X2_B13:C13|PCLB002_HEPG2_24H_X3_B13:C13,DNA
94,PCLB002_HEPG2_24H:BRD-K81418486:3.33,vorinostat,3.33 µM,24 h,PCLB002_HEPG2_24H_X1_B13:C14|PCLB002_HEPG2_24H_X2_B13:C14|PCLB002_HEPG2_24H_X3_B13:C14,DNA
95,LJP007_HEPG2_24H:A03,vorinostat,10.0 um,24 h,LJP007_HEPG2_24H_X1_B20:A03|LJP007_HEPG2_24H_X2_B20:A03|LJP007_HEPG2_24H_X3_B20:A03,DNA
96,LJP008_HEPG2_24H:A03,vorinostat,10.0 um,24 h,LJP008_HEPG2_24H_X1_B20:A03|LJP008_HEPG2_24H_X2_B20:A03|LJP008_HEPG2_24H_X3_B20:A03,DNA
97,LJP008_HEPG2_24H:G07,vorinostat,10.0 um,24 h,LJP008_HEPG2_24H_X1_B20:G07|LJP008_HEPG2_24H_X2_B20:G07|LJP008_HEPG2_24H_X3_B20:G07,DNA
98,LJP008_HEPG2_24H:G08,vorinostat,3.33 um,24 h,LJP008_HEPG2_24H_X1_B20:G08|LJP008_HEPG2_24H_X2_B20:G08|LJP008_HEPG2_24H_X3_B20:G08,DNA
99,LJP008_HEPG2_24H:G09,vorinostat,1.11 um,24 h,LJP008_HEPG2_24H_X1_B20:G09|LJP008_HEPG2_24H_X2_B20:G09|LJP008_HEPG2_24H_X3_B20:G09,DNA
100,LJP008_HEPG2_24H:G10,vorinostat,0.37 um,24 h,LJP008_HEPG2_24H_X1_B20:G10|LJP008_HEPG2_24H_X2_B20:G10|LJP008_HEPG2_24H_X3_B20:G10,DNA
101,LJP008_HEPG2_24H:G11,vorinostat,0.12 um,24 h,LJP008_HEPG2_24H_X1_B20:G11|LJP008_HEPG2_24H_X2_B20:G11|LJP008_HEPG2_24H_X3_B20:G11,DNA
102,LJP008_HEPG2_24H:G12,vorinostat,0.04 um,24 h,LJP008_HEPG2_24H_X1_B20:G12|LJP008_HEPG2_24H_X2_B20:G12|LJP008_HEPG2_24H_X3_B20:G12,DNA
103,LJP009_HEPG2_24H:A03,vorinostat,10.0 um,24 h,LJP009_HEPG2_24H_X1_B20:A03|LJP009_HEPG2_24H_X2_B20:A03|LJP009_HEPG2_24H_X3_B20:A03,DNA
104,CPC004_HEPG2_6H:BRD-K91290917-336-03-8:10,amodiaquine,10 µM,6 h,CPC004_HEPG2_6H_X1_B5_DUO52HI53LO:K20|CPC004_HEPG2_6H_X2_F1B5_DUO52HI53LO:K20|CPC004_HEPG2_6H_X3.L2_F2B5_DUO52HI53LO:K20,OXD
105,CPC016_HEPG2_6H:BRD-K91290917-336-03-8:10,amodiaquine,10 µM,6 h,CPC016_HEPG2_6H_X4_F1B4_DUO52HI53LO:P24,OXD
106,CPC006_HEPG2_6H:BRD-A31107743-001-01-3:0.09,brefeldin-a,100 nM,6 h,CPC006_HEPG2_6H_X1.L2_F1B6_DUO52HI53LO:K20|CPC006_HEPG2_6H_X4_B4_DUO52HI53LO:K20|CPC006_HEPG2_6H_X5_B4_DUO52HI53LO:K20,ERS
107,CPC016_HEPG2_6H:BRD-A17065207-001-06-9:10,brefeldin-a,10 µM,6 h,CPC016_HEPG2_6H_X1_F1B4_DUO52HI53LO:F18|CPC016_HEPG2_6H_X3_F1B4_DUO52HI53LO:F18|CPC016_HEPG2_6H_X4_F1B4_DUO52HI53LO:F18,ERS
108,CPC006_HEPG2_6H:BRD-A45889380-300-04-8:10,mepacrine,10 µM,6 h,CPC006_HEPG2_6H_X1.L2_F1B6_DUO52HI53LO:G21|CPC006_HEPG2_6H_X4_B4_DUO52HI53LO:G21|CPC006_HEPG2_6H_X5_B4_DUO52HI53LO:G21,OXD
109,CPC006_HEPG2_6H:BRD-A62809825-001-01-7:10,thapsigargin,10 µM,6 h,CPC006_HEPG2_6H_X1.L2_F1B6_DUO52HI53LO:A20|CPC006_HEPG2_6H_X4_B4_DUO52HI53LO:A20|CPC006_HEPG2_6H_X5_B4_DUO52HI53LO:A20,ERS
110,CPC006_HEPG2_6H:BRD-K02113016-001-01-4:44.4,olaparib,40 µM,6 h,CPC006_HEPG2_6H_X1.L2_F1B6_DUO52HI53LO:J02|CPC006_HEPG2_6H_X4_B4_DUO52HI53LO:J02|CPC006_HEPG2_6H_X5_B4_DUO52HI53LO:J02,DNA
111,LJP008_HEPG2_24H:D01,olaparib,10.0 um,24 h,LJP008_HEPG2_24H_X1_B20:D01|LJP008_HEPG2_24H_X2_B20:D01|LJP008_HEPG2_24H_X3_B20:D01,DNA
112,LJP008_HEPG2_24H:D02,olaparib,3.33 um,24 h,LJP008_HEPG2_24H_X1_B20:D02|LJP008_HEPG2_24H_X2_B20:D02|LJP008_HEPG2_24H_X3_B20:D02,DNA
113,LJP008_HEPG2_24H:D03,olaparib,1.11 um,24 h,LJP008_HEPG2_24H_X1_B20:D03|LJP008_HEPG2_24H_X2_B20:D03|LJP008_HEPG2_24H_X3_B20:D03,DNA
114,LJP008_HEPG2_24H:D04,olaparib,0.37 um,24 h,LJP008_HEPG2_24H_X1_B20:D04|LJP008_HEPG2_24H_X2_B20:D04|LJP008_HEPG2_24H_X3_B20:D04,DNA
115,LJP008_HEPG2_24H:D05,olaparib,0.12 um,24 h,LJP008_HEPG2_24H_X1_B20:D05|LJP008_HEPG2_24H_X2_B20:D05|LJP008_HEPG2_24H_X3_B20:D05,DNA
116,LJP008_HEPG2_24H:D06,olaparib,0.04 um,24 h,LJP008_HEPG2_24H_X1_B20:D06|LJP008_HEPG2_24H_X2_B20:D06|LJP008_HEPG2_24H_X3_B20:D06,DNA
117,LJP009_HEPG2_24H:P19,olaparib,10.0 um,24 h,LJP009_HEPG2_24H_X1_B20:P19|LJP009_HEPG2_24H_X2_B20:P19|LJP009_HEPG2_24H_X3_B20:P19,DNA
118,LJP009_HEPG2_24H:P20,olaparib,3.33 um,24 h,LJP009_HEPG2_24H_X1_B20:P20|LJP009_HEPG2_24H_X2_B20:P20|LJP009_HEPG2_24H_X3_B20:P20,DNA
119,LJP009_HEPG2_24H:P21,olaparib,1.11 um,24 h,LJP009_HEPG2_24H_X1_B20:P21|LJP009_HEPG2_24H_X2_B20:P21|LJP009_HEPG2_24H_X3_B20:P21,DNA
120,LJP009_HEPG2_24H:P22,olaparib,0.37 um,24 h,LJP009_HEPG2_24H_X1_B20:P22|LJP009_HEPG2_24H_X2_B20:P22|LJP009_HEPG2_24H_X3_B20:P22,DNA
121,LJP009_HEPG2_24H:P23,olaparib,0.12 um,24 h,LJP009_HEPG2_24H_X1_B20:P23|LJP009_HEPG2_24H_X2_B20:P23|LJP009_HEPG2_24H_X3_B20:P23,DNA
122,LJP009_HEPG2_24H:P24,olaparib,0.04 um,24 h,LJP009_HEPG2_24H_X1_B20:P24|LJP009_HEPG2_24H_X2_B20:P24|LJP009_HEPG2_24H_X3_B20:P24,DNA
123,CPC006_HEPG2_6H:BRD-K15108141-001-01-7:0.08,gemcitabine,100 nM,6 h,CPC006_HEPG2_6H_X1.L2_F1B6_DUO52HI53LO:P01|CPC006_HEPG2_6H_X4_B4_DUO52HI53LO:P01|CPC006_HEPG2_6H_X5_B4_DUO52HI53LO:P01,DNA
124,CPC006_HEPG2_6H:BRD-K32107296-001-03-7:10,temozolomide,10 µM,6 h,CPC006_HEPG2_6H_X1.L2_F1B6_DUO52HI53LO:A06|CPC006_HEPG2_6H_X4_B4_DUO52HI53LO:A06|CPC006_HEPG2_6H_X5_B4_DUO52HI53LO:A06,DNA
125,CPC006_HEPG2_6H:BRD-K69690935-001-02-7:13.57,curcumin,10 µM,6 h,CPC006_HEPG2_6H_X1.L2_F1B6_DUO52HI53LO:K14|CPC006_HEPG2_6H_X4_B4_DUO52HI53LO:K14|CPC006_HEPG2_6H_X5_B4_DUO52HI53LO:K14,OXD
126,CPC006_HEPG2_6H:BRD-K74148702-001-03-8:48,curcumin,50 µM,6 h,CPC006_HEPG2_6H_X1.L2_F1B6_DUO52HI53LO:P08|CPC006_HEPG2_6H_X4_B4_DUO52HI53LO:P08|CPC006_HEPG2_6H_X5_B4_DUO52HI53LO:P08,OXD
127,PCLB001_HEPG2_24H:BRD-K07572174-001-22-0:0.16,curcumin,100 nM,24 h,PCLB001_HEPG2_24H_X1_F2B6_DUO52HI53LO:L06|PCLB001_HEPG2_24H_X1_F2B6_DUO52HI53LO:L14|PCLB001_HEPG2_24H_X1_F2B6_DUO52HI53LO:L22|PCLB001_HEPG2_24H_X2_F2B6_DUO52HI53LO:L06|PCLB001_HEPG2_24H_X2_F2B6_DUO52HI53LO:L14|PCLB001_HEPG2_24H_X2_F2B6_DUO52HI53LO:L22|PCLB001_HEPG2_24H_X3_F2B6_DUO52HI53LO:L06|PCLB001_HEPG2_24H_X3_F2B6_DUO52HI53LO:L14|PCLB001_HEPG2_24H_X3_F2B6_DUO52HI53LO:L22,OXD
128,PCLB001_HEPG2_24H:BRD-K07572174-001-22-0:0.63,curcumin,500 nM,24 h,PCLB001_HEPG2_24H_X1_F2B6_DUO52HI53LO:L05|PCLB001_HEPG2_24H_X1_F2B6_DUO52HI53LO:L13|PCLB001_HEPG2_24H_X1_F2B6_DUO52HI53LO:L21|PCLB001_HEPG2_24H_X2_F2B6_DUO52HI53LO:L05|PCLB001_HEPG2_24H_X2_F2B6_DUO52HI53LO:L13|PCLB001_HEPG2_24H_X2_F2B6_DUO52HI53LO:L21|PCLB001_HEPG2_24H_X3_F2B6_DUO52HI53LO:L05|PCLB001_HEPG2_24H_X3_F2B6_DUO52HI53LO:L13|PCLB001_HEPG2_24H_X3_F2B6_DUO52HI53LO:L21,OXD
129,PCLB001_HEPG2_24H:BRD-K07572174-001-22-0:10,curcumin,10 µM,24 h,PCLB001_HEPG2_24H_X1_F2B6_DUO52HI53LO:K05|PCLB001_HEPG2_24H_X1_F2B6_DUO52HI53LO:K13|PCLB001_HEPG2_24H_X1_F2B6_DUO52HI53LO:K21|PCLB001_HEPG2_24H_X2_F2B6_DUO52HI53LO:K05|PCLB001_HEPG2_24H_X2_F2B6_DUO52HI53LO:K13|PCLB001_HEPG2_24H_X2_F2B6_DUO52HI53LO:K21|PCLB001_HEPG2_24H_X3_F2B6_DUO52HI53LO:K05|PCLB001_HEPG2_24H_X3_F2B6_DUO52HI53LO:K13|PCLB001_HEPG2_24H_X3_F2B6_DUO52HI53LO:K21,OXD
130,PCLB001_HEPG2_24H:BRD-K07572174-001-22-0:2.5,curcumin,3 µM,24 h,PCLB001_HEPG2_24H_X1_F2B6_DUO52HI53LO:K06|PCLB001_HEPG2_24H_X1_F2B6_DUO52HI53LO:K14|PCLB001_HEPG2_24H_X1_F2B6_DUO52HI53LO:K22|PCLB001_HEPG2_24H_X2_F2B6_DUO52HI53LO:K06|PCLB001_HEPG2_24H_X2_F2B6_DUO52HI53LO:K14|PCLB001_HEPG2_24H_X2_F2B6_DUO52HI53LO:K22|PCLB001_HEPG2_24H_X3_F2B6_DUO52HI53LO:K06|PCLB001_HEPG2_24H_X3_F2B6_DUO52HI53LO:K14|PCLB001_HEPG2_24H_X3_F2B6_DUO52HI53LO:K22,OXD
131,PCLB001_HEPG2_6H:BRD-K07572174-001-22-0:0.37,curcumin,500 nM,6 h,PCLB001_HEPG2_6H_X1_F2B6_DUO52HI53LO:L06|PCLB001_HEPG2_6H_X1_F2B6_DUO52HI53LO:L14|PCLB001_HEPG2_6H_X1_F2B6_DUO52HI53LO:L22|PCLB001_HEPG2_6H_X2_F2B6_DUO52HI53LO:L06|PCLB001_HEPG2_6H_X2_F2B6_DUO52HI53LO:L14|PCLB001_HEPG2_6H_X2_F2B6_DUO52HI53LO:L22|PCLB001_HEPG2_6H_X3_F2B6_DUO52HI53LO:L06|PCLB001_HEPG2_6H_X3_F2B6_DUO52HI53LO:L14|PCLB001_HEPG2_6H_X3_F2B6_DUO52HI53LO:L22,OXD
132,PCLB001_HEPG2_6H:BRD-K07572174-001-22-0:1.11,curcumin,1 µM,6 h,PCLB001_HEPG2_6H_X1_F2B6_DUO52HI53LO:L05|PCLB001_HEPG2_6H_X1_F2B6_DUO52HI53LO:L13|PCLB001_HEPG2_6H_X1_F2B6_DUO52HI53LO:L21|PCLB001_HEPG2_6H_X2_F2B6_DUO52HI53LO:L05|PCLB001_HEPG2_6H_X2_F2B6_DUO52HI53LO:L13|PCLB001_HEPG2_6H_X2_F2B6_DUO52HI53LO:L21|PCLB001_HEPG2_6H_X3_F2B6_DUO52HI53LO:L05|PCLB001_HEPG2_6H_X3_F2B6_DUO52HI53LO:L13|PCLB001_HEPG2_6H_X3_F2B6_DUO52HI53LO:L21,OXD
133,PCLB001_HEPG2_6H:BRD-K07572174-001-22-0:10,curcumin,10 µM,6 h,PCLB001_HEPG2_6H_X1_F2B6_DUO52HI53LO:K05|PCLB001_HEPG2_6H_X1_F2B6_DUO52HI53LO:K13|PCLB001_HEPG2_6H_X1_F2B6_DUO52HI53LO:K21|PCLB001_HEPG2_6H_X2_F2B6_DUO52HI53LO:K05|PCLB001_HEPG2_6H_X2_F2B6_DUO52HI53LO:K13|PCLB001_HEPG2_6H_X2_F2B6_DUO52HI53LO:K21|PCLB001_HEPG2_6H_X3_F2B6_DUO52HI53LO:K05|PCLB001_HEPG2_6H_X3_F2B6_DUO52HI53LO:K13|PCLB001_HEPG2_6H_X3_F2B6_DUO52HI53LO:K21,OXD
134,PCLB001_HEPG2_6H:BRD-K07572174-001-22-0:3.33,curcumin,3 µM,6 h,PCLB001_HEPG2_6H_X1_F2B6_DUO52HI53LO:K06|PCLB001_HEPG2_6H_X1_F2B6_DUO52HI53LO:K14|PCLB001_HEPG2_6H_X1_F2B6_DUO52HI53LO:K22|PCLB001_HEPG2_6H_X2_F2B6_DUO52HI53LO:K06|PCLB001_HEPG2_6H_X2_F2B6_DUO52HI53LO:K14|PCLB001_HEPG2_6H_X2_F2B6_DUO52HI53LO:K22|PCLB001_HEPG2_6H_X3_F2B6_DUO52HI53LO:K06|PCLB001_HEPG2_6H_X3_F2B6_DUO52HI53LO:K14|PCLB001_HEPG2_6H_X3_F2B6_DUO52HI53LO:K22,OXD
135,PCLB003_HEPG2_24H:BRD-K07572174-001-17-0:0.41,curcumin,0.41 µM,24 h,PCLB003_HEPG2_24H_X1_B13:F18|PCLB003_HEPG2_24H_X2_B13:F18|PCLB003_HEPG2_24H_X3_B13:F18,OXD
136,PCLB003_HEPG2_24H:BRD-K07572174-001-17-0:1.23,curcumin,1.23 µM,24 h,PCLB003_HEPG2_24H_X1_B13:F17|PCLB003_HEPG2_24H_X2_B13:F17|PCLB003_HEPG2_24H_X3_B13:F17,OXD
137,PCLB003_HEPG2_24H:BRD-K07572174-001-17-0:100,curcumin,100 µM,24 h,PCLB003_HEPG2_24H_X1_B13:F13,OXD
138,PCLB003_HEPG2_24H:BRD-K07572174-001-17-0:11.11,curcumin,11.11 µM,24 h,PCLB003_HEPG2_24H_X1_B13:F15|PCLB003_HEPG2_24H_X2_B13:F15|PCLB003_HEPG2_24H_X3_B13:F15,OXD
139,PCLB003_HEPG2_24H:BRD-K07572174-001-17-0:3.7,curcumin,3.7 µM,24 h,PCLB003_HEPG2_24H_X1_B13:F16|PCLB003_HEPG2_24H_X2_B13:F16|PCLB003_HEPG2_24H_X3_B13:F16,OXD
140,PCLB003_HEPG2_24H:BRD-K07572174-001-17-0:33.33,curcumin,33.33 µM,24 h,PCLB003_HEPG2_24H_X1_B13:F14|PCLB003_HEPG2_24H_X2_B13:F14|PCLB003_HEPG2_24H_X3_B13:F14,OXD
141,CPC006_HEPG2_6H:BRD-K81473043-001-04-7:0.35,tanespimycin,500 nM,6 h,CPC006_HEPG2_6H_X1.L2_F1B6_DUO52HI53LO:J19|CPC006_HEPG2_6H_X4_B4_DUO52HI53LO:J19|CPC006_HEPG2_6H_X5_B4_DUO52HI53LO:J19,HTS
142,LJP007_HEPG2_24H:A04,tanespimycin,10.0 um,24 h,LJP007_HEPG2_24H_X1_B20:A04|LJP007_HEPG2_24H_X2_B20:A04|LJP007_HEPG2_24H_X3_B20:A04,HTS
143,LJP008_HEPG2_24H:A04,tanespimycin,10.0 um,24 h,LJP008_HEPG2_24H_X1_B20:A04|LJP008_HEPG2_24H_X2_B20:A04|LJP008_HEPG2_24H_X3_B20:A04,HTS
144,LJP009_HEPG2_24H:A04,tanespimycin,10.0 um,24 h,LJP009_HEPG2_24H_X1_B20:A04|LJP009_HEPG2_24H_X2_B20:A04|LJP009_HEPG2_24H_X3_B20:A04,HTS
145,CPC006_HEPG2_6H:BRD-K81651477-001-03-5:20,parthenolide,20 µM,6 h,CPC006_HEPG2_6H_X1.L2_F1B6_DUO52HI53LO:H20|CPC006_HEPG2_6H_X4_B4_DUO52HI53LO:H20|CPC006_HEPG2_6H_X5_B4_DUO52HI53LO:H20,HTS
146,CPC006_HEPG2_6H:BRD-K98548675-001-02-6:10,parthenolide,10 µM,6 h,CPC006_HEPG2_6H_X1.L2_F1B6_DUO52HI53LO:I22|CPC006_HEPG2_6H_X4_B4_DUO52HI53LO:I22|CPC006_HEPG2_6H_X5_B4_DUO52HI53LO:I22,HTS
147,CPC013_HEPG2_6H:BRD-A66395008-001-03-8:10,parthenolide,10 µM,6 h,CPC013_HEPG2_6H_X1_B4_DUO52HI53LO:I13|CPC013_HEPG2_6H_X2_B4_DUO52HI53LO:I13|CPC013_HEPG2_6H_X3_F1B3_DUO52HI53LO:I13,HTS
148,CPC018_HEPG2_6H:BRD-K98548675-001-02-6:10,parthenolide,10 µM,6 h,CPC018_HEPG2_6H_X1_F1B3_DUO52HI53LO:E09|CPC018_HEPG2_6H_X2_F1B4_DUO52HI53LO:E09|CPC018_HEPG2_6H_X3_F1B3_DUO52HI53LO:E09,HTS
149,CPC006_HEPG2_6H:BRD-K88510285-001-01-2:0.04,bortezomib,10 nM,6 h,CPC006_HEPG2_6H_X1.L2_F1B6_DUO52HI53LO:M24|CPC006_HEPG2_6H_X4_B4_DUO52HI53LO:M24|CPC006_HEPG2_6H_X5_B4_DUO52HI53LO:M24,HTS
150,CPC006_HEPG2_6H:BRD-U94846492-000-01-1:10,quinine,10 µM,6 h,CPC006_HEPG2_6H_X1.L2_F1B6_DUO52HI53LO:I13|CPC006_HEPG2_6H_X4_B4_DUO52HI53LO:I13|CPC006_HEPG2_6H_X5_B4_DUO52HI53LO:I13,OXD
151,CPC008_HEPG2_6H:BRD-K44432556-001-03-0:10,VU-0418946-1,10 µM,6 h,CPC008_HEPG2_6H_X1_F1B3_DUO52HI53LO:L11|CPC008_HEPG2_6H_X2_B4_DUO52HI53LO:L11|CPC008_HEPG2_6H_X3_B4_DUO52HI53LO:L11,HYP
152,CPC008_HEPG2_6H:BRD-K76907295-001-03-8:10,VU-0418947-2,10 µM,6 h,CPC008_HEPG2_6H_X1_F1B3_DUO52HI53LO:N11|CPC008_HEPG2_6H_X2_B4_DUO52HI53LO:N11|CPC008_HEPG2_6H_X3_B4_DUO52HI53LO:N11,HYP
153,CPC013_HEPG2_6H:BRD-A47706533-001-01-8:10,buthionine-sulfoximine,10 µM,6 h,CPC013_HEPG2_6H_X1_B4_DUO52HI53LO:F16|CPC013_HEPG2_6H_X2_B4_DUO52HI53LO:F16|CPC013_HEPG2_6H_X3_F1B3_DUO52HI53LO:F16,OXD
154,CPC014_HEPG2_6H:BRD-A20697603-001-06-4:10,thiostrepton,10 µM,6 h,CPC014_HEPG2_6H_X1_F1B3_DUO52HI53LO:L18|CPC014_HEPG2_6H_X2_F1B3_DUO52HI53LO:L18|CPC014_HEPG2_6H_X3_F1B3_DUO52HI53LO:L18,HTS
155,CPC014_HEPG2_6H:BRD-A52193669-001-01-7:10,withaferin-a,10 µM,6 h,CPC014_HEPG2_6H_X1_F1B3_DUO52HI53LO:P10|CPC014_HEPG2_6H_X3_F1B3_DUO52HI53LO:P10,HTS
156,LJP005_HEPG2_24H:G13,withaferin-a,10.0 um,24 h,LJP005_HEPG2_24H_X1_B19:G13|LJP005_HEPG2_24H_X3_B19:G13,HTS
157,LJP005_HEPG2_24H:G14,withaferin-a,3.33 um,24 h,LJP005_HEPG2_24H_X1_B19:G14|LJP005_HEPG2_24H_X2_B19:G14|LJP005_HEPG2_24H_X3_B19:G14,HTS
158,LJP005_HEPG2_24H:G15,withaferin-a,1.11 um,24 h,LJP005_HEPG2_24H_X1_B19:G15|LJP005_HEPG2_24H_X2_B19:G15|LJP005_HEPG2_24H_X3_B19:G15,HTS
159,LJP005_HEPG2_24H:G16,withaferin-a,0.37 um,24 h,LJP005_HEPG2_24H_X1_B19:G16|LJP005_HEPG2_24H_X2_B19:G16|LJP005_HEPG2_24H_X3_B19:G16,HTS
160,LJP005_HEPG2_24H:G17,withaferin-a,0.12 um,24 h,LJP005_HEPG2_24H_X1_B19:G17|LJP005_HEPG2_24H_X2_B19:G17|LJP005_HEPG2_24H_X3_B19:G17,HTS
161,LJP005_HEPG2_24H:G18,withaferin-a,0.04 um,24 h,LJP005_HEPG2_24H_X1_B19:G18|LJP005_HEPG2_24H_X2_B19:G18|LJP005_HEPG2_24H_X3_B19:G18,HTS
162,LJP006_HEPG2_24H:G13,withaferin-a,10.0 um,24 h,LJP006_HEPG2_24H_X1_B19:G13|LJP006_HEPG2_24H_X2_B19:G13|LJP006_HEPG2_24H_X3_B19:G13,HTS
163,LJP006_HEPG2_24H:G14,withaferin-a,3.33 um,24 h,LJP006_HEPG2_24H_X1_B19:G14|LJP006_HEPG2_24H_X2_B19:G14|LJP006_HEPG2_24H_X3_B19:G14,HTS
164,LJP006_HEPG2_24H:G15,withaferin-a,1.11 um,24 h,LJP006_HEPG2_24H_X1_B19:G15|LJP006_HEPG2_24H_X2_B19:G15|LJP006_HEPG2_24H_X3_B19:G15,HTS
165,LJP006_HEPG2_24H:G16,withaferin-a,0.37 um,24 h,LJP006_HEPG2_24H_X1_B19:G16|LJP006_HEPG2_24H_X2_B19:G16|LJP006_HEPG2_24H_X3_B19:G16,HTS
166,LJP006_HEPG2_24H:G17,withaferin-a,0.12 um,24 h,LJP006_HEPG2_24H_X1_B19:G17|LJP006_HEPG2_24H_X2_B19:G17|LJP006_HEPG2_24H_X3_B19:G17,HTS
167,LJP006_HEPG2_24H:G18,withaferin-a,0.04 um,24 h,LJP006_HEPG2_24H_X1_B19:G18|LJP006_HEPG2_24H_X2_B19:G18|LJP006_HEPG2_24H_X3_B19:G18,HTS
168,CPC014_HEPG2_6H:BRD-K33551950-001-01-6:10,radicicol,10 µM,6 h,CPC014_HEPG2_6H_X1_F1B3_DUO52HI53LO:P12|CPC014_HEPG2_6H_X3_F1B3_DUO52HI53LO:P12,HTS
169,LJP005_HEPG2_24H:K07,radicicol,10.0 um,24 h,LJP005_HEPG2_24H_X1_B19:K07|LJP005_HEPG2_24H_X2_B19:K07|LJP005_HEPG2_24H_X3_B19:K07,HTS
170,LJP005_HEPG2_24H:K08,radicicol,3.33 um,24 h,LJP005_HEPG2_24H_X1_B19:K08|LJP005_HEPG2_24H_X2_B19:K08|LJP005_HEPG2_24H_X3_B19:K08,HTS
171,LJP005_HEPG2_24H:K09,radicicol,1.11 um,24 h,LJP005_HEPG2_24H_X1_B19:K09|LJP005_HEPG2_24H_X2_B19:K09|LJP005_HEPG2_24H_X3_B19:K09,HTS
172,LJP005_HEPG2_24H:K10,radicicol,0.37 um,24 h,LJP005_HEPG2_24H_X1_B19:K10|LJP005_HEPG2_24H_X2_B19:K10|LJP005_HEPG2_24H_X3_B19:K10,HTS
173,LJP005_HEPG2_24H:K11,radicicol,0.12 um,24 h,LJP005_HEPG2_24H_X1_B19:K11|LJP005_HEPG2_24H_X2_B19:K11|LJP005_HEPG2_24H_X3_B19:K11,HTS
174,LJP005_HEPG2_24H:K12,radicicol,0.04 um,24 h,LJP005_HEPG2_24H_X1_B19:K12|LJP005_HEPG2_24H_X2_B19:K12|LJP005_HEPG2_24H_X3_B19:K12,HTS
175,LJP006_HEPG2_24H:K07,radicicol,10.0 um,24 h,LJP006_HEPG2_24H_X1_B19:K07|LJP006_HEPG2_24H_X2_B19:K07|LJP006_HEPG2_24H_X3_B19:K07,HTS
176,LJP006_HEPG2_24H:K08,radicicol,3.33 um,24 h,LJP006_HEPG2_24H_X1_B19:K08|LJP006_HEPG2_24H_X2_B19:K08,HTS
177,LJP006_HEPG2_24H:K09,radicicol,1.11 um,24 h,LJP006_HEPG2_24H_X1_B19:K09|LJP006_HEPG2_24H_X2_B19:K09,HTS
178,LJP006_HEPG2_24H:K10,radicicol,0.37 um,24 h,LJP006_HEPG2_24H_X1_B19:K10|LJP006_HEPG2_24H_X2_B19:K10|LJP006_HEPG2_24H_X3_B19:K10,HTS
179,LJP006_HEPG2_24H:K11,radicicol,0.12 um,24 h,LJP006_HEPG2_24H_X1_B19:K11|LJP006_HEPG2_24H_X2_B19:K11,HTS
180,LJP006_HEPG2_24H:K12,radicicol,0.04 um,24 h,LJP006_HEPG2_24H_X1_B19:K12|LJP006_HEPG2_24H_X2_B19:K12,HTS
181,CPC014_HEPG2_6H:BRD-K39944607-001-03-0:10,ochratoxin-a,10 µM,6 h,CPC014_HEPG2_6H_X1_F1B3_DUO52HI53LO:L16|CPC014_HEPG2_6H_X2_F1B3_DUO52HI53LO:L16|CPC014_HEPG2_6H_X3_F1B3_DUO52HI53LO:L16,DNA
182,CPC014_HEPG2_6H:BRD-K83988098-003-01-8:10,alvespimycin,10 µM,6 h,CPC014_HEPG2_6H_X1_F1B3_DUO52HI53LO:O08|CPC014_HEPG2_6H_X2_F1B3_DUO52HI53LO:O08|CPC014_HEPG2_6H_X3_F1B3_DUO52HI53LO:O08,HTS
183,CPC014_HEPG2_6H:BRD-K88551539-001-01-0:10,CAY-10585,10 µM,6 h,CPC014_HEPG2_6H_X1_F1B3_DUO52HI53LO:P06|CPC014_HEPG2_6H_X2_F1B3_DUO52HI53LO:P06|CPC014_HEPG2_6H_X3_F1B3_DUO52HI53LO:P06,HYP
184,CPC016_HEPG2_6H:BRD-A30437061-001-02-7:10,camptothecin,10 µM,6 h,CPC016_HEPG2_6H_X1_F1B4_DUO52HI53LO:O10|CPC016_HEPG2_6H_X3_F1B4_DUO52HI53LO:O10|CPC016_HEPG2_6H_X4_F1B4_DUO52HI53LO:O10,DNA
185,CPC016_HEPG2_6H:BRD-A77722753-003-02-5:10,hydralazine,10 µM,6 h,CPC016_HEPG2_6H_X1_F1B4_DUO52HI53LO:I09|CPC016_HEPG2_6H_X3_F1B4_DUO52HI53LO:I09|CPC016_HEPG2_6H_X4_F1B4_DUO52HI53LO:I09,HYP
186,CPC016_HEPG2_6H:BRD-K08547377-003-03-2:10,irinotecan,10 µM,6 h,CPC016_HEPG2_6H_X1_F1B4_DUO52HI53LO:O21|CPC016_HEPG2_6H_X3_F1B4_DUO52HI53LO:O21|CPC016_HEPG2_6H_X4_F1B4_DUO52HI53LO:O21,DNA
187,CPC016_HEPG2_6H:BRD-K36007650-300-02-3:10,puromycin,10 µM,6 h,CPC016_HEPG2_6H_X1_F1B4_DUO52HI53LO:C05|CPC016_HEPG2_6H_X3_F1B4_DUO52HI53LO:C05|CPC016_HEPG2_6H_X4_F1B4_DUO52HI53LO:C05,HTS
188,CPC018_HEPG2_6H:BRD-A28970875-300-03-1:10,puromycin,10 µM,6 h,CPC018_HEPG2_6H_X1_F1B3_DUO52HI53LO:N15|CPC018_HEPG2_6H_X2_F1B4_DUO52HI53LO:N15|CPC018_HEPG2_6H_X3_F1B3_DUO52HI53LO:N15,HTS
189,CPC017_HEPG2_6H:BRD-K60476892-001-02-1:10,YC-1,10 µM,6 h,CPC017_HEPG2_6H_X1_F1B4_DUO52HI53LO:E13|CPC017_HEPG2_6H_X3_F1B4_DUO52HI53LO:E13|CPC017_HEPG2_6H_X4_F1B4_DUO52HI53LO:E13,HYP
190,CVD001_HEPG2_24H:BRD-K60476892-001-02-1:16.4289,YC-1,20 µM,24 h,CVD001_HEPG2_24H_X1_F1B3_DUO52HI53LO:G09|CVD001_HEPG2_24H_X2_F1B3_DUO52HI53LO:G09|CVD001_HEPG2_24H_X3_F1B3_DUO52HI53LO:G09,HYP
191,CVD001_HEPG2_24H:BRD-K60476892-001-02-1:4.1072,YC-1,5 µM,24 h,CVD001_HEPG2_24H_X1_F1B3_DUO52HI53LO:H09|CVD001_HEPG2_24H_X2_F1B3_DUO52HI53LO:H09|CVD001_HEPG2_24H_X3_F1B3_DUO52HI53LO:H09,HYP
192,CVD001_HEPG2_6H:BRD-K60476892-001-02-1:16.4289,YC-1,20 µM,6 h,CVD001_HEPG2_6H_X1_F1B3_DUO52HI53LO:G09|CVD001_HEPG2_6H_X2_F1B3_DUO52HI53LO:G09|CVD001_HEPG2_6H_X3_F1B3_DUO52HI53LO:G09,HYP
193,CVD001_HEPG2_6H:BRD-K60476892-001-02-1:4.1072,YC-1,5 µM,6 h,CVD001_HEPG2_6H_X1_F1B3_DUO52HI53LO:H09|CVD001_HEPG2_6H_X2_F1B3_DUO52HI53LO:H09|CVD001_HEPG2_6H_X3_F1B3_DUO52HI53LO:H09,HYP
194,CPC017_HEPG2_6H:BRD-K74430258-001-01-2:10,"1,2-dichlorobenzene",10 µM,6 h,CPC017_HEPG2_6H_X1_F1B4_DUO52HI53LO:D08|CPC017_HEPG2_6H_X3_F1B4_DUO52HI53LO:D08|CPC017_HEPG2_6H_X4_F1B4_DUO52HI53LO:D08,OXD
195,CPC018_HEPG2_6H:BRD-A15914070-001-01-5:10,4-hydroxy-2-nonenal,10 µM,6 h,CPC018_HEPG2_6H_X1_F1B3_DUO52HI53LO:P20|CPC018_HEPG2_6H_X2_F1B4_DUO52HI53LO:P20,OXD
196,CPC018_HEPG2_6H:BRD-K03600606-001-02-3:10,catechin,10 µM,6 h,CPC018_HEPG2_6H_X1_F1B3_DUO52HI53LO:M13|CPC018_HEPG2_6H_X2_F1B4_DUO52HI53LO:M13|CPC018_HEPG2_6H_X3_F1B3_DUO52HI53LO:M13,OXD
197,CPC018_HEPG2_6H:BRD-K38903228-001-02-8:10,hesperidin,10 µM,6 h,CPC018_HEPG2_6H_X1_F1B3_DUO52HI53LO:O12|CPC018_HEPG2_6H_X2_F1B4_DUO52HI53LO:O12|CPC018_HEPG2_6H_X3_F1B3_DUO52HI53LO:O12,OXD
198,CPC018_HEPG2_6H:BRD-K97399794-001-10-4:10,quercetin,10 µM,6 h,CPC018_HEPG2_6H_X1_F1B3_DUO52HI53LO:G14|CPC018_HEPG2_6H_X2_F1B4_DUO52HI53LO:G14|CPC018_HEPG2_6H_X3_F1B3_DUO52HI53LO:G14,OXD
199,CVD001_HEPG2_24H:BRD-K21680192-300-04-5:10,mitoxantrone,10 µM,24 h,CVD001_HEPG2_24H_X1_F1B3_DUO52HI53LO:A19|CVD001_HEPG2_24H_X2_F1B3_DUO52HI53LO:A19|CVD001_HEPG2_24H_X3_F1B3_DUO52HI53LO:A19,DNA
200,CVD001_HEPG2_24H:BRD-K21680192-300-04-5:2.5,mitoxantrone,3 µM,24 h,CVD001_HEPG2_24H_X1_F1B3_DUO52HI53LO:B19|CVD001_HEPG2_24H_X3_F1B3_DUO52HI53LO:B19,DNA
201,CVD001_HEPG2_6H:BRD-K21680192-300-04-5:10,mitoxantrone,10 µM,6 h,CVD001_HEPG2_6H_X1_F1B3_DUO52HI53LO:A19|CVD001_HEPG2_6H_X2_F1B3_DUO52HI53LO:A19|CVD001_HEPG2_6H_X3_F1B3_DUO52HI53LO:A19,DNA
202,CVD001_HEPG2_6H:BRD-K21680192-300-04-5:2.5,mitoxantrone,3 µM,6 h,CVD001_HEPG2_6H_X1_F1B3_DUO52HI53LO:B19|CVD001_HEPG2_6H_X2_F1B3_DUO52HI53LO:B19|CVD001_HEPG2_6H_X3_F1B3_DUO52HI53LO:B19,DNA
203,LJP005_HEPG2_24H:C19,mitoxantrone,10.0 um,24 h,LJP005_HEPG2_24H_X1_B19:C19|LJP005_HEPG2_24H_X2_B19:C19|LJP005_HEPG2_24H_X3_B19:C19,DNA
204,LJP005_HEPG2_24H:C20,mitoxantrone,3.33 um,24 h,LJP005_HEPG2_24H_X1_B19:C20|LJP005_HEPG2_24H_X2_B19:C20|LJP005_HEPG2_24H_X3_B19:C20,DNA
205,LJP005_HEPG2_24H:C21,mitoxantrone,1.11 um,24 h,LJP005_HEPG2_24H_X1_B19:C21|LJP005_HEPG2_24H_X2_B19:C21|LJP005_HEPG2_24H_X3_B19:C21,DNA
206,LJP005_HEPG2_24H:C22,mitoxantrone,0.37 um,24 h,LJP005_HEPG2_24H_X1_B19:C22|LJP005_HEPG2_24H_X2_B19:C22|LJP005_HEPG2_24H_X3_B19:C22,DNA
207,LJP005_HEPG2_24H:C23,mitoxantrone,0.12 um,24 h,LJP005_HEPG2_24H_X1_B19:C23|LJP005_HEPG2_24H_X2_B19:C23|LJP005_HEPG2_24H_X3_B19:C23,DNA
208,LJP005_HEPG2_24H:C24,mitoxantrone,0.04 um,24 h,LJP005_HEPG2_24H_X1_B19:C24|LJP005_HEPG2_24H_X2_B19:C24|LJP005_HEPG2_24H_X3_B19:C24,DNA
209,LJP006_HEPG2_24H:C19,mitoxantrone,10.0 um,24 h,LJP006_HEPG2_24H_X1_B19:C19|LJP006_HEPG2_24H_X2_B19:C19|LJP006_HEPG2_24H_X3_B19:C19,DNA
210,LJP006_HEPG2_24H:C20,mitoxantrone,3.33 um,24 h,LJP006_HEPG2_24H_X1_B19:C20|LJP006_HEPG2_24H_X2_B19:C20|LJP006_HEPG2_24H_X3_B19:C20,DNA
211,LJP006_HEPG2_24H:C21,mitoxantrone,1.11 um,24 h,LJP006_HEPG2_24H_X1_B19:C21|LJP006_HEPG2_24H_X2_B19:C21,DNA
212,LJP006_HEPG2_24H:C22,mitoxantrone,0.37 um,24 h,LJP006_HEPG2_24H_X1_B19:C22|LJP006_HEPG2_24H_X2_B19:C22|LJP006_HEPG2_24H_X3_B19:C22,DNA
213,LJP006_HEPG2_24H:C23,mitoxantrone,0.12 um,24 h,LJP006_HEPG2_24H_X1_B19:C23|LJP006_HEPG2_24H_X2_B19:C23|LJP006_HEPG2_24H_X3_B19:C23,DNA
214,LJP006_HEPG2_24H:C24,mitoxantrone,0.04 um,24 h,LJP006_HEPG2_24H_X1_B19:C24|LJP006_HEPG2_24H_X2_B19:C24|LJP006_HEPG2_24H_X3_B19:C24,DNA
215,LJP007_HEPG2_24H:B04,mitoxantrone,10.0 um,24 h,LJP007_HEPG2_24H_X1_B20:B04|LJP007_HEPG2_24H_X2_B20:B04|LJP007_HEPG2_24H_X3_B20:B04,DNA
216,LJP008_HEPG2_24H:B04,mitoxantrone,10.0 um,24 h,LJP008_HEPG2_24H_X1_B20:B04|LJP008_HEPG2_24H_X2_B20:B04|LJP008_HEPG2_24H_X3_B20:B04,DNA
217,LJP009_HEPG2_24H:B04,mitoxantrone,10.0 um,24 h,LJP009_HEPG2_24H_X1_B20:B04|LJP009_HEPG2_24H_X2_B20:B04|LJP009_HEPG2_24H_X3_B20:B04,DNA
218,PCLB001_HEPG2_24H:BRD-K36452089-001-01-8:0.16,tert-butylhydroquinone,100 nM,24 h,PCLB001_HEPG2_24H_X1_F2B6_DUO52HI53LO:J06|PCLB001_HEPG2_24H_X1_F2B6_DUO52HI53LO:J14|PCLB001_HEPG2_24H_X1_F2B6_DUO52HI53LO:J22|PCLB001_HEPG2_24H_X2_F2B6_DUO52HI53LO:J06|PCLB001_HEPG2_24H_X2_F2B6_DUO52HI53LO:J14|PCLB001_HEPG2_24H_X2_F2B6_DUO52HI53LO:J22|PCLB001_HEPG2_24H_X3_F2B6_DUO52HI53LO:J06|PCLB001_HEPG2_24H_X3_F2B6_DUO52HI53LO:J14|PCLB001_HEPG2_24H_X3_F2B6_DUO52HI53LO:J22,OXD
219,PCLB001_HEPG2_24H:BRD-K36452089-001-01-8:0.63,tert-butylhydroquinone,500 nM,24 h,PCLB001_HEPG2_24H_X1_F2B6_DUO52HI53LO:J05|PCLB001_HEPG2_24H_X1_F2B6_DUO52HI53LO:J13|PCLB001_HEPG2_24H_X1_F2B6_DUO52HI53LO:J21|PCLB001_HEPG2_24H_X2_F2B6_DUO52HI53LO:J05|PCLB001_HEPG2_24H_X2_F2B6_DUO52HI53LO:J13|PCLB001_HEPG2_24H_X2_F2B6_DUO52HI53LO:J21|PCLB001_HEPG2_24H_X3_F2B6_DUO52HI53LO:J05|PCLB001_HEPG2_24H_X3_F2B6_DUO52HI53LO:J13|PCLB001_HEPG2_24H_X3_F2B6_DUO52HI53LO:J21,OXD
220,PCLB001_HEPG2_24H:BRD-K36452089-001-01-8:10,tert-butylhydroquinone,10 µM,24 h,PCLB001_HEPG2_24H_X1_F2B6_DUO52HI53LO:I05|PCLB001_HEPG2_24H_X1_F2B6_DUO52HI53LO:I13|PCLB001_HEPG2_24H_X1_F2B6_DUO52HI53LO:I21|PCLB001_HEPG2_24H_X2_F2B6_DUO52HI53LO:I05|PCLB001_HEPG2_24H_X2_F2B6_DUO52HI53LO:I13|PCLB001_HEPG2_24H_X2_F2B6_DUO52HI53LO:I21|PCLB001_HEPG2_24H_X3_F2B6_DUO52HI53LO:I05|PCLB001_HEPG2_24H_X3_F2B6_DUO52HI53LO:I21,OXD
221,PCLB001_HEPG2_24H:BRD-K36452089-001-01-8:2.5,tert-butylhydroquinone,3 µM,24 h,PCLB001_HEPG2_24H_X1_F2B6_DUO52HI53LO:I06|PCLB001_HEPG2_24H_X1_F2B6_DUO52HI53LO:I14|PCLB001_HEPG2_24H_X1_F2B6_DUO52HI53LO:I22|PCLB001_HEPG2_24H_X2_F2B6_DUO52HI53LO:I06|PCLB001_HEPG2_24H_X2_F2B6_DUO52HI53LO:I14|PCLB001_HEPG2_24H_X2_F2B6_DUO52HI53LO:I22|PCLB001_HEPG2_24H_X3_F2B6_DUO52HI53LO:I06|PCLB001_HEPG2_24H_X3_F2B6_DUO52HI53LO:I14|PCLB001_HEPG2_24H_X3_F2B6_DUO52HI53LO:I22,OXD
222,PCLB001_HEPG2_6H:BRD-K36452089-001-01-8:0.37,tert-butylhydroquinone,500 nM,6 h,PCLB001_HEPG2_6H_X1_F2B6_DUO52HI53LO:J06|PCLB001_HEPG2_6H_X1_F2B6_DUO52HI53LO:J14|PCLB001_HEPG2_6H_X1_F2B6_DUO52HI53LO:J22|PCLB001_HEPG2_6H_X2_F2B6_DUO52HI53LO:J06|PCLB001_HEPG2_6H_X2_F2B6_DUO52HI53LO:J14|PCLB001_HEPG2_6H_X2_F2B6_DUO52HI53LO:J22|PCLB001_HEPG2_6H_X3_F2B6_DUO52HI53LO:J06|PCLB001_HEPG2_6H_X3_F2B6_DUO52HI53LO:J14|PCLB001_HEPG2_6H_X3_F2B6_DUO52HI53LO:J22,OXD
223,PCLB001_HEPG2_6H:BRD-K36452089-001-01-8:1.11,tert-butylhydroquinone,1 µM,6 h,PCLB001_HEPG2_6H_X1_F2B6_DUO52HI53LO:J05|PCLB001_HEPG2_6H_X1_F2B6_DUO52HI53LO:J21|PCLB001_HEPG2_6H_X2_F2B6_DUO52HI53LO:J05|PCLB001_HEPG2_6H_X2_F2B6_DUO52HI53LO:J13|PCLB001_HEPG2_6H_X2_F2B6_DUO52HI53LO:J21|PCLB001_HEPG2_6H_X3_F2B6_DUO52HI53LO:J05|PCLB001_HEPG2_6H_X3_F2B6_DUO52HI53LO:J13|PCLB001_HEPG2_6H_X3_F2B6_DUO52HI53LO:J21,OXD
224,PCLB001_HEPG2_6H:BRD-K36452089-001-01-8:10,tert-butylhydroquinone,10 µM,6 h,PCLB001_HEPG2_6H_X1_F2B6_DUO52HI53LO:I05|PCLB001_HEPG2_6H_X1_F2B6_DUO52HI53LO:I13|PCLB001_HEPG2_6H_X1_F2B6_DUO52HI53LO:I21|PCLB001_HEPG2_6H_X2_F2B6_DUO52HI53LO:I05|PCLB001_HEPG2_6H_X2_F2B6_DUO52HI53LO:I13|PCLB001_HEPG2_6H_X2_F2B6_DUO52HI53LO:I21|PCLB001_HEPG2_6H_X3_F2B6_DUO52HI53LO:I05|PCLB001_HEPG2_6H_X3_F2B6_DUO52HI53LO:I13|PCLB001_HEPG2_6H_X3_F2B6_DUO52HI53LO:I21,OXD
225,PCLB001_HEPG2_6H:BRD-K36452089-001-01-8:3.33,tert-butylhydroquinone,3 µM,6 h,PCLB001_HEPG2_6H_X1_F2B6_DUO52HI53LO:I06|PCLB001_HEPG2_6H_X1_F2B6_DUO52HI53LO:I14|PCLB001_HEPG2_6H_X1_F2B6_DUO52HI53LO:I22|PCLB001_HEPG2_6H_X2_F2B6_DUO52HI53LO:I06|PCLB001_HEPG2_6H_X2_F2B6_DUO52HI53LO:I14|PCLB001_HEPG2_6H_X2_F2B6_DUO52HI53LO:I22|PCLB001_HEPG2_6H_X3_F2B6_DUO52HI53LO:I06|PCLB001_HEPG2_6H_X3_F2B6_DUO52HI53LO:I14|PCLB001_HEPG2_6H_X3_F2B6_DUO52HI53LO:I22,OXD
226,PCLB003_HEPG2_24H:BRD-K36452089-001-02-6:0.41,tert-butylhydroquinone,0.41 µM,24 h,PCLB003_HEPG2_24H_X1_B13:H12|PCLB003_HEPG2_24H_X2_B13:H12|PCLB003_HEPG2_24H_X3_B13:H12,OXD
227,PCLB003_HEPG2_24H:BRD-K36452089-001-02-6:1.23,tert-butylhydroquinone,1.23 µM,24 h,PCLB003_HEPG2_24H_X1_B13:H11|PCLB003_HEPG2_24H_X2_B13:H11|PCLB003_HEPG2_24H_X3_B13:H11,OXD
228,PCLB003_HEPG2_24H:BRD-K36452089-001-02-6:100,tert-butylhydroquinone,100 µM,24 h,PCLB003_HEPG2_24H_X1_B13:H07|PCLB003_HEPG2_24H_X2_B13:H07|PCLB003_HEPG2_24H_X3_B13:H07,OXD
229,PCLB003_HEPG2_24H:BRD-K36452089-001-02-6:11.11,tert-butylhydroquinone,11.11 µM,24 h,PCLB003_HEPG2_24H_X1_B13:H09|PCLB003_HEPG2_24H_X2_B13:H09|PCLB003_HEPG2_24H_X3_B13:H09,OXD
230,PCLB003_HEPG2_24H:BRD-K36452089-001-02-6:3.7,tert-butylhydroquinone,3.7 µM,24 h,PCLB003_HEPG2_24H_X1_B13:H10|PCLB003_HEPG2_24H_X2_B13:H10|PCLB003_HEPG2_24H_X3_B13:H10,OXD
231,PCLB003_HEPG2_24H:BRD-K36452089-001-02-6:33.33,tert-butylhydroquinone,33.33 µM,24 h,PCLB003_HEPG2_24H_X1_B13:H08|PCLB003_HEPG2_24H_X2_B13:H08|PCLB003_HEPG2_24H_X3_B13:H08,OXD
232,LJP008_HEPG2_24H:G19,azacitidine,10.0 um,24 h,LJP008_HEPG2_24H_X1_B20:G19|LJP008_HEPG2_24H_X2_B20:G19|LJP008_HEPG2_24H_X3_B20:G19,DNA
233,LJP008_HEPG2_24H:G20,azacitidine,3.33 um,24 h,LJP008_HEPG2_24H_X1_B20:G20|LJP008_HEPG2_24H_X2_B20:G20|LJP008_HEPG2_24H_X3_B20:G20,DNA
234,LJP008_HEPG2_24H:G21,azacitidine,1.11 um,24 h,LJP008_HEPG2_24H_X1_B20:G21|LJP008_HEPG2_24H_X2_B20:G21|LJP008_HEPG2_24H_X3_B20:G21,DNA
235,LJP008_HEPG2_24H:G22,azacitidine,0.37 um,24 h,LJP008_HEPG2_24H_X1_B20:G22|LJP008_HEPG2_24H_X2_B20:G22|LJP008_HEPG2_24H_X3_B20:G22,DNA
236,LJP008_HEPG2_24H:G23,azacitidine,0.12 um,24 h,LJP008_HEPG2_24H_X1_B20:G23|LJP008_HEPG2_24H_X2_B20:G23|LJP008_HEPG2_24H_X3_B20:G23,DNA
237,LJP008_HEPG2_24H:G24,azacitidine,0.04 um,24 h,LJP008_HEPG2_24H_X1_B20:G24|LJP008_HEPG2_24H_X2_B20:G24|LJP008_HEPG2_24H_X3_B20:G24,DNA
