sig_id,pert_id,pert_iname,pert_type,cell_id,pert_dose,pert_dose_unit,pert_idose,pert_time,pert_time_unit,pert_itime,distil_id
CPC001_VCAP_24H:BRD-K09668667-001-02-0:10,BRD-K09668667,benzo(a)pyrene,trt_cp,VCAP,10,µM,10 µM,24,h,24 h,CPC001_VCAP_24H_X1_B3_DUO52HI53LO:L20|CPC001_VCAP_24H_X2_B3_DUO52HI53LO:L20|CPC001_VCAP_24H_X3_B3_DUO52HI53LO:L20|CPC001_VCAP_24H_X4.A2_F1B5_DUO52HI53LO:L20|CPC001_VCAP_24H_X4_F1B5_DUO52HI53LO:L20|CPC001_VCAP_24H_X5_F2B4_DUO52HI53LO:L20
CPC001_VCAP_6H:BRD-K09668667-001-02-0:10,BRD-K09668667,benzo(a)pyrene,trt_cp,VCAP,10,µM,10 µM,6,h,6 h,CPC001_VCAP_6H_X1.A2_F1B5_DUO52HI53LO:L20|CPC001_VCAP_6H_X1_F1B5_DUO52HI53LO:L20|CPC001_VCAP_6H_X2_B5_DUO52HI53LO:L20|CPC001_VCAP_6H_X3_F1B5_DUO52HI53LO:L20|CPC001_VCAP_6H_X4_B5_DUO52HI53LO:L20|CPC001_VCAP_6H_X5_B5_DUO52HI53LO:L20
CPC006_HEPG2_6H:BRD-A31107743-001-01-3:0.09,BRD-A31107743,brefeldin-a,trt_cp,HEPG2,0.09,µM,100 nM,6,h,6 h,CPC006_HEPG2_6H_X1.L2_F1B6_DUO52HI53LO:K20|CPC006_HEPG2_6H_X4_B4_DUO52HI53LO:K20|CPC006_HEPG2_6H_X5_B4_DUO52HI53LO:K20
CPC016_HEPG2_6H:BRD-A17065207-001-06-9:10,BRD-A17065207,brefeldin-a,trt_cp,HEPG2,10,µM,10 µM,6,h,6 h,CPC016_HEPG2_6H_X1_F1B4_DUO52HI53LO:F18|CPC016_HEPG2_6H_X3_F1B4_DUO52HI53LO:F18|CPC016_HEPG2_6H_X4_F1B4_DUO52HI53LO:F18
CPC004_HEPG2_6H:BRD-A19500257:10,BRD-A19500257,geldanamycin,trt_cp,HEPG2,10,µM,10 µM,6,h,6 h,CPC004_HEPG2_6H_X1_B5_DUO52HI53LO:A03|CPC004_HEPG2_6H_X2_F1B5_DUO52HI53LO:A03|CPC004_HEPG2_6H_X3.L2_F2B5_DUO52HI53LO:A03
CPC006_HEPG2_6H:BRD-A19500257:10,BRD-A19500257,geldanamycin,trt_cp,HEPG2,10,µM,10 µM,6,h,6 h,CPC006_HEPG2_6H_X1.L2_F1B6_DUO52HI53LO:A03|CPC006_HEPG2_6H_X4_B4_DUO52HI53LO:A03|CPC006_HEPG2_6H_X5_B4_DUO52HI53LO:A03
CPC008_HEPG2_6H:BRD-A19500257:10,BRD-A19500257,geldanamycin,trt_cp,HEPG2,10,µM,10 µM,6,h,6 h,CPC008_HEPG2_6H_X1_F1B3_DUO52HI53LO:A03|CPC008_HEPG2_6H_X2_B4_DUO52HI53LO:A03|CPC008_HEPG2_6H_X3_B4_DUO52HI53LO:A03
CPC009_HEPG2_6H:BRD-A19500257:10,BRD-A19500257,geldanamycin,trt_cp,HEPG2,10,µM,10 µM,6,h,6 h,CPC009_HEPG2_6H_X1_B4_DUO52HI53LO:A03|CPC009_HEPG2_6H_X2_F1B3_DUO52HI53LO:A03|CPC009_HEPG2_6H_X3_F1B3_DUO52HI53LO:A03
CPC010_HEPG2_6H:BRD-A19500257:10,BRD-A19500257,geldanamycin,trt_cp,HEPG2,10,µM,10 µM,6,h,6 h,CPC010_HEPG2_6H_X1_B4_DUO52HI53LO:C01|CPC010_HEPG2_6H_X2_B4_DUO52HI53LO:C01|CPC010_HEPG2_6H_X3_B4_DUO52HI53LO:C01
CPC013_HEPG2_6H:BRD-A19500257:10,BRD-A19500257,geldanamycin,trt_cp,HEPG2,10,µM,10 µM,6,h,6 h,CPC013_HEPG2_6H_X1_B4_DUO52HI53LO:A03|CPC013_HEPG2_6H_X2_B4_DUO52HI53LO:A03|CPC013_HEPG2_6H_X3_F1B3_DUO52HI53LO:A03
CPC014_HEPG2_6H:BRD-A19500257:10,BRD-A19500257,geldanamycin,trt_cp,HEPG2,10,µM,10 µM,6,h,6 h,CPC014_HEPG2_6H_X1_F1B3_DUO52HI53LO:A03|CPC014_HEPG2_6H_X2_F1B3_DUO52HI53LO:A03|CPC014_HEPG2_6H_X3_F1B3_DUO52HI53LO:A03
CPC015_HEPG2_6H:BRD-A19500257:10,BRD-A19500257,geldanamycin,trt_cp,HEPG2,10,µM,10 µM,6,h,6 h,CPC015_HEPG2_6H_X2.L2_F2B5_DUO52HI53LO:A03|CPC015_HEPG2_6H_X3.L2_F1B5_DUO52HI53LO:A03
CPC016_HEPG2_6H:BRD-A19500257:10,BRD-A19500257,geldanamycin,trt_cp,HEPG2,10,µM,10 µM,6,h,6 h,CPC016_HEPG2_6H_X1_F1B4_DUO52HI53LO:A03|CPC016_HEPG2_6H_X3_F1B4_DUO52HI53LO:A03|CPC016_HEPG2_6H_X4_F1B4_DUO52HI53LO:A03
CPC017_HEPG2_6H:BRD-A19500257:10,BRD-A19500257,geldanamycin,trt_cp,HEPG2,10,µM,10 µM,6,h,6 h,CPC017_HEPG2_6H_X1_F1B4_DUO52HI53LO:A03|CPC017_HEPG2_6H_X3_F1B4_DUO52HI53LO:A03|CPC017_HEPG2_6H_X4_F1B4_DUO52HI53LO:A03
CPC018_HEPG2_6H:BRD-A19500257:10,BRD-A19500257,geldanamycin,trt_cp,HEPG2,10,µM,10 µM,6,h,6 h,CPC018_HEPG2_6H_X1_F1B3_DUO52HI53LO:A03|CPC018_HEPG2_6H_X2_F1B4_DUO52HI53LO:A03|CPC018_HEPG2_6H_X3_F1B3_DUO52HI53LO:A03
CPC019_HEPG2_6H:BRD-A19500257:10,BRD-A19500257,geldanamycin,trt_cp,HEPG2,10,µM,10 µM,6,h,6 h,CPC019_HEPG2_6H_X1_F1B3_DUO52HI53LO:A03|CPC019_HEPG2_6H_X2_F1B4_DUO52HI53LO:A03|CPC019_HEPG2_6H_X3_F1B3_DUO52HI53LO:A03
CVD001_HEPG2_24H:BRD-A19500257:10,BRD-A19500257,geldanamycin,trt_cp,HEPG2,10,µM,10 µM,24,h,24 h,CVD001_HEPG2_24H_X1_F1B3_DUO52HI53LO:A03|CVD001_HEPG2_24H_X2_F1B3_DUO52HI53LO:A03|CVD001_HEPG2_24H_X3_F1B3_DUO52HI53LO:A03
CVD001_HEPG2_6H:BRD-A19500257:10,BRD-A19500257,geldanamycin,trt_cp,HEPG2,10,µM,10 µM,6,h,6 h,CVD001_HEPG2_6H_X1_F1B3_DUO52HI53LO:A03|CVD001_HEPG2_6H_X2_F1B3_DUO52HI53LO:A03|CVD001_HEPG2_6H_X3_F1B3_DUO52HI53LO:A03
PCLB002_HEPG2_24H:BRD-A19500257:0.04,BRD-A19500257,geldanamycin,trt_cp,HEPG2,0.04,µM,0.04 µM,24,h,24 h,PCLB002_HEPG2_24H_X1_B13:F24|PCLB002_HEPG2_24H_X1_B13:I18|PCLB002_HEPG2_24H_X2_B13:F24|PCLB002_HEPG2_24H_X2_B13:I18|PCLB002_HEPG2_24H_X3_B13:F24|PCLB002_HEPG2_24H_X3_B13:I18
PCLB002_HEPG2_24H:BRD-A19500257:0.12,BRD-A19500257,geldanamycin,trt_cp,HEPG2,0.12,µM,0.12 µM,24,h,24 h,PCLB002_HEPG2_24H_X1_B13:F23|PCLB002_HEPG2_24H_X1_B13:I17|PCLB002_HEPG2_24H_X2_B13:F23|PCLB002_HEPG2_24H_X2_B13:I17|PCLB002_HEPG2_24H_X3_B13:F23|PCLB002_HEPG2_24H_X3_B13:I17
PCLB002_HEPG2_24H:BRD-A19500257:0.37,BRD-A19500257,geldanamycin,trt_cp,HEPG2,0.37,µM,0.37 µM,24,h,24 h,PCLB002_HEPG2_24H_X1_B13:F22|PCLB002_HEPG2_24H_X1_B13:I16|PCLB002_HEPG2_24H_X2_B13:F22|PCLB002_HEPG2_24H_X2_B13:I16|PCLB002_HEPG2_24H_X3_B13:F22|PCLB002_HEPG2_24H_X3_B13:I16
PCLB002_HEPG2_24H:BRD-A19500257:1.11,BRD-A19500257,geldanamycin,trt_cp,HEPG2,1.11,µM,1.11 µM,24,h,24 h,PCLB002_HEPG2_24H_X1_B13:F21|PCLB002_HEPG2_24H_X1_B13:I15|PCLB002_HEPG2_24H_X2_B13:F21|PCLB002_HEPG2_24H_X2_B13:I15|PCLB002_HEPG2_24H_X3_B13:F21|PCLB002_HEPG2_24H_X3_B13:I15
PCLB002_HEPG2_24H:BRD-A19500257:10,BRD-A19500257,geldanamycin,trt_cp,HEPG2,10,µM,10 µM,24,h,24 h,PCLB002_HEPG2_24H_X1_B13:F19|PCLB002_HEPG2_24H_X1_B13:I13|PCLB002_HEPG2_24H_X2_B13:F19|PCLB002_HEPG2_24H_X2_B13:I13|PCLB002_HEPG2_24H_X3_B13:F19|PCLB002_HEPG2_24H_X3_B13:I13
PCLB002_HEPG2_24H:BRD-A19500257:3.33,BRD-A19500257,geldanamycin,trt_cp,HEPG2,3.33,µM,3.33 µM,24,h,24 h,PCLB002_HEPG2_24H_X1_B13:F20|PCLB002_HEPG2_24H_X1_B13:I14|PCLB002_HEPG2_24H_X2_B13:F20|PCLB002_HEPG2_24H_X2_B13:I14|PCLB002_HEPG2_24H_X3_B13:F20|PCLB002_HEPG2_24H_X3_B13:I14
PCLB003_HEPG2_24H:BRD-A19500257-001-01-3:0.04,BRD-A19500257,geldanamycin,trt_cp,HEPG2,0.04,µM,0.04 µM,24,h,24 h,PCLB003_HEPG2_24H_X1_B13:F24|PCLB003_HEPG2_24H_X2_B13:F24|PCLB003_HEPG2_24H_X3_B13:F24
PCLB003_HEPG2_24H:BRD-A19500257-001-01-3:0.12,BRD-A19500257,geldanamycin,trt_cp,HEPG2,0.12,µM,0.12 µM,24,h,24 h,PCLB003_HEPG2_24H_X1_B13:F23|PCLB003_HEPG2_24H_X2_B13:F23|PCLB003_HEPG2_24H_X3_B13:F23
PCLB003_HEPG2_24H:BRD-A19500257-001-01-3:0.37,BRD-A19500257,geldanamycin,trt_cp,HEPG2,0.37,µM,0.37 µM,24,h,24 h,PCLB003_HEPG2_24H_X1_B13:F22|PCLB003_HEPG2_24H_X2_B13:F22|PCLB003_HEPG2_24H_X3_B13:F22
PCLB003_HEPG2_24H:BRD-A19500257-001-01-3:1.11,BRD-A19500257,geldanamycin,trt_cp,HEPG2,1.11,µM,1.11 µM,24,h,24 h,PCLB003_HEPG2_24H_X1_B13:F21|PCLB003_HEPG2_24H_X2_B13:F21|PCLB003_HEPG2_24H_X3_B13:F21
PCLB003_HEPG2_24H:BRD-A19500257-001-01-3:10,BRD-A19500257,geldanamycin,trt_cp,HEPG2,10,µM,10 µM,24,h,24 h,PCLB003_HEPG2_24H_X1_B13:F19|PCLB003_HEPG2_24H_X2_B13:F19|PCLB003_HEPG2_24H_X3_B13:F19
PCLB003_HEPG2_24H:BRD-A19500257-001-01-3:3.33,BRD-A19500257,geldanamycin,trt_cp,HEPG2,3.33,µM,3.33 µM,24,h,24 h,PCLB003_HEPG2_24H_X1_B13:F20|PCLB003_HEPG2_24H_X2_B13:F20|PCLB003_HEPG2_24H_X3_B13:F20
CPC004_HCC515_24H:BRD-A48237631-001-03-0:10,BRD-A48237631,mitomycin-c,trt_cp,HCC515,10,µM,10 µM,24,h,24 h,CPC004_HCC515_24H_X1_B3_DUO52HI53LO:D05|CPC004_HCC515_24H_X2_B3_DUO52HI53LO:D05|CPC004_HCC515_24H_X3_B3_DUO52HI53LO:D05
CPC004_HCC515_6H:BRD-A48237631-001-03-0:10,BRD-A48237631,mitomycin-c,trt_cp,HCC515,10,µM,10 µM,6,h,6 h,CPC004_HCC515_6H_X1_B3_DUO52HI53LO:D05|CPC004_HCC515_6H_X2_B3_DUO52HI53LO:D05|CPC004_HCC515_6H_X3_B3_DUO52HI53LO:D05
CPC020_HCC515_6H:BRD-K51418664-001-02-0:10,BRD-K51418664,mitomycin-c,trt_cp,HCC515,10,µM,10 µM,6,h,6 h,CPC020_HCC515_6H_X2_F1B3_DUO52HI53LO:A22|CPC020_HCC515_6H_X3_B4_DUO52HI53LO:A22
CPC018_HEPG2_6H:BRD-K97399794-001-10-4:10,BRD-K97399794,quercetin,trt_cp,HEPG2,10,µM,10 µM,6,h,6 h,CPC018_HEPG2_6H_X1_F1B3_DUO52HI53LO:G14|CPC018_HEPG2_6H_X2_F1B4_DUO52HI53LO:G14|CPC018_HEPG2_6H_X3_F1B3_DUO52HI53LO:G14
CPC014_HEPG2_6H:BRD-K33551950-001-01-6:10,BRD-K33551950,radicicol,trt_cp,HEPG2,10,µM,10 µM,6,h,6 h,CPC014_HEPG2_6H_X1_F1B3_DUO52HI53LO:P12|CPC014_HEPG2_6H_X3_F1B3_DUO52HI53LO:P12
CPC004_HEPG2_6H:BRD-K55468218-001-16-2:10,BRD-K55468218,spiperone,trt_cp,HEPG2,10,µM,10 µM,6,h,6 h,CPC004_HEPG2_6H_X1_B5_DUO52HI53LO:E14|CPC004_HEPG2_6H_X2_F1B5_DUO52HI53LO:E14|CPC004_HEPG2_6H_X3.L2_F2B5_DUO52HI53LO:E14
CPC016_HEPG2_6H:BRD-K55468218-001-16-2:10,BRD-K55468218,spiperone,trt_cp,HEPG2,10,µM,10 µM,6,h,6 h,CPC016_HEPG2_6H_X1_F1B4_DUO52HI53LO:L02|CPC016_HEPG2_6H_X3_F1B4_DUO52HI53LO:L02|CPC016_HEPG2_6H_X4_F1B4_DUO52HI53LO:L02
CVD001_HEPG2_24H:BRD-K55468218-001-16-2:10,BRD-K55468218,spiperone,trt_cp,HEPG2,10,µM,10 µM,24,h,24 h,CVD001_HEPG2_24H_X1_F1B3_DUO52HI53LO:G15|CVD001_HEPG2_24H_X2_F1B3_DUO52HI53LO:G15|CVD001_HEPG2_24H_X3_F1B3_DUO52HI53LO:G15
CVD001_HEPG2_24H:BRD-K55468218-001-16-2:2.5,BRD-K55468218,spiperone,trt_cp,HEPG2,2.5,µM,3 µM,24,h,24 h,CVD001_HEPG2_24H_X1_F1B3_DUO52HI53LO:H15|CVD001_HEPG2_24H_X2_F1B3_DUO52HI53LO:H15|CVD001_HEPG2_24H_X3_F1B3_DUO52HI53LO:H15
CVD001_HEPG2_6H:BRD-K55468218-001-16-2:10,BRD-K55468218,spiperone,trt_cp,HEPG2,10,µM,10 µM,6,h,6 h,CVD001_HEPG2_6H_X1_F1B3_DUO52HI53LO:G15|CVD001_HEPG2_6H_X2_F1B3_DUO52HI53LO:G15|CVD001_HEPG2_6H_X3_F1B3_DUO52HI53LO:G15
CVD001_HEPG2_6H:BRD-K55468218-001-16-2:2.5,BRD-K55468218,spiperone,trt_cp,HEPG2,2.5,µM,3 µM,6,h,6 h,CVD001_HEPG2_6H_X1_F1B3_DUO52HI53LO:H15|CVD001_HEPG2_6H_X2_F1B3_DUO52HI53LO:H15|CVD001_HEPG2_6H_X3_F1B3_DUO52HI53LO:H15
CPC006_HEPG2_6H:BRD-K32107296-001-03-7:10,BRD-K32107296,temozolomide,trt_cp,HEPG2,10,µM,10 µM,6,h,6 h,CPC006_HEPG2_6H_X1.L2_F1B6_DUO52HI53LO:A06|CPC006_HEPG2_6H_X4_B4_DUO52HI53LO:A06|CPC006_HEPG2_6H_X5_B4_DUO52HI53LO:A06
PCLB001_JURKAT_24H:BRD-K36452089-001-01-8:0.16,BRD-K36452089,tert-butylhydroquinone,trt_cp,JURKAT,0.16,µM,100 nM,24,h,24 h,PCLB001_JURKAT_24H_X1_F2B6_DUO52HI53LO:J06|PCLB001_JURKAT_24H_X1_F2B6_DUO52HI53LO:J14|PCLB001_JURKAT_24H_X1_F2B6_DUO52HI53LO:J22
PCLB001_JURKAT_24H:BRD-K36452089-001-01-8:0.37,BRD-K36452089,tert-butylhydroquinone,trt_cp,JURKAT,0.37,µM,500 nM,24,h,24 h,PCLB001_JURKAT_24H_X2_B12:J06|PCLB001_JURKAT_24H_X2_B12:J14|PCLB001_JURKAT_24H_X2_B12:J22|PCLB001_JURKAT_24H_X3_F2B6_DUO52HI53LO:J06|PCLB001_JURKAT_24H_X3_F2B6_DUO52HI53LO:J14|PCLB001_JURKAT_24H_X3_F2B6_DUO52HI53LO:J22
PCLB001_JURKAT_24H:BRD-K36452089-001-01-8:0.63,BRD-K36452089,tert-butylhydroquinone,trt_cp,JURKAT,0.63,µM,500 nM,24,h,24 h,PCLB001_JURKAT_24H_X1_F2B6_DUO52HI53LO:J05|PCLB001_JURKAT_24H_X1_F2B6_DUO52HI53LO:J13|PCLB001_JURKAT_24H_X1_F2B6_DUO52HI53LO:J21
PCLB001_JURKAT_24H:BRD-K36452089-001-01-8:1.11,BRD-K36452089,tert-butylhydroquinone,trt_cp,JURKAT,1.11,µM,1 µM,24,h,24 h,PCLB001_JURKAT_24H_X2_B12:J05|PCLB001_JURKAT_24H_X2_B12:J13|PCLB001_JURKAT_24H_X2_B12:J21|PCLB001_JURKAT_24H_X3_F2B6_DUO52HI53LO:J05|PCLB001_JURKAT_24H_X3_F2B6_DUO52HI53LO:J13|PCLB001_JURKAT_24H_X3_F2B6_DUO52HI53LO:J21
PCLB001_JURKAT_24H:BRD-K36452089-001-01-8:10,BRD-K36452089,tert-butylhydroquinone,trt_cp,JURKAT,10,µM,10 µM,24,h,24 h,PCLB001_JURKAT_24H_X2_B12:I05|PCLB001_JURKAT_24H_X2_B12:I13|PCLB001_JURKAT_24H_X2_B12:I21|PCLB001_JURKAT_24H_X3_F2B6_DUO52HI53LO:I05|PCLB001_JURKAT_24H_X3_F2B6_DUO52HI53LO:I13|PCLB001_JURKAT_24H_X3_F2B6_DUO52HI53LO:I21|PCLB001_JURKAT_24H_X1_F2B6_DUO52HI53LO:I05|PCLB001_JURKAT_24H_X1_F2B6_DUO52HI53LO:I13|PCLB001_JURKAT_24H_X1_F2B6_DUO52HI53LO:I21
PCLB001_JURKAT_24H:BRD-K36452089-001-01-8:2.5,BRD-K36452089,tert-butylhydroquinone,trt_cp,JURKAT,2.5,µM,3 µM,24,h,24 h,PCLB001_JURKAT_24H_X1_F2B6_DUO52HI53LO:I06|PCLB001_JURKAT_24H_X1_F2B6_DUO52HI53LO:I14|PCLB001_JURKAT_24H_X1_F2B6_DUO52HI53LO:I22
PCLB001_JURKAT_24H:BRD-K36452089-001-01-8:3.33,BRD-K36452089,tert-butylhydroquinone,trt_cp,JURKAT,3.33,µM,3 µM,24,h,24 h,PCLB001_JURKAT_24H_X2_B12:I06|PCLB001_JURKAT_24H_X2_B12:I14|PCLB001_JURKAT_24H_X2_B12:I22|PCLB001_JURKAT_24H_X3_F2B6_DUO52HI53LO:I06|PCLB001_JURKAT_24H_X3_F2B6_DUO52HI53LO:I14|PCLB001_JURKAT_24H_X3_F2B6_DUO52HI53LO:I22
PCLB001_JURKAT_6H:BRD-K36452089-001-01-8:0.16,BRD-K36452089,tert-butylhydroquinone,trt_cp,JURKAT,0.16,µM,100 nM,6,h,6 h,PCLB001_JURKAT_6H_X1_F2B6_DUO52HI53LO:J06|PCLB001_JURKAT_6H_X1_F2B6_DUO52HI53LO:J14|PCLB001_JURKAT_6H_X1_F2B6_DUO52HI53LO:J22|PCLB001_JURKAT_6H_X3_F2B6_DUO52HI53LO:J06|PCLB001_JURKAT_6H_X3_F2B6_DUO52HI53LO:J14|PCLB001_JURKAT_6H_X3_F2B6_DUO52HI53LO:J22
PCLB001_JURKAT_6H:BRD-K36452089-001-01-8:0.37,BRD-K36452089,tert-butylhydroquinone,trt_cp,JURKAT,0.37,µM,500 nM,6,h,6 h,PCLB001_JURKAT_6H_X1_B12:J06|PCLB001_JURKAT_6H_X1_B12:J14|PCLB001_JURKAT_6H_X1_B12:J22
PCLB001_JURKAT_6H:BRD-K36452089-001-01-8:0.63,BRD-K36452089,tert-butylhydroquinone,trt_cp,JURKAT,0.63,µM,500 nM,6,h,6 h,PCLB001_JURKAT_6H_X1_F2B6_DUO52HI53LO:J05|PCLB001_JURKAT_6H_X1_F2B6_DUO52HI53LO:J13|PCLB001_JURKAT_6H_X1_F2B6_DUO52HI53LO:J21|PCLB001_JURKAT_6H_X3_F2B6_DUO52HI53LO:J05|PCLB001_JURKAT_6H_X3_F2B6_DUO52HI53LO:J13|PCLB001_JURKAT_6H_X3_F2B6_DUO52HI53LO:J21
PCLB001_JURKAT_6H:BRD-K36452089-001-01-8:1.11,BRD-K36452089,tert-butylhydroquinone,trt_cp,JURKAT,1.11,µM,1 µM,6,h,6 h,PCLB001_JURKAT_6H_X1_B12:J05|PCLB001_JURKAT_6H_X1_B12:J13|PCLB001_JURKAT_6H_X1_B12:J21
PCLB001_JURKAT_6H:BRD-K36452089-001-01-8:10,BRD-K36452089,tert-butylhydroquinone,trt_cp,JURKAT,10,µM,10 µM,6,h,6 h,PCLB001_JURKAT_6H_X1_B12:I05|PCLB001_JURKAT_6H_X1_B12:I13|PCLB001_JURKAT_6H_X1_B12:I21|PCLB001_JURKAT_6H_X1_F2B6_DUO52HI53LO:I05|PCLB001_JURKAT_6H_X1_F2B6_DUO52HI53LO:I13|PCLB001_JURKAT_6H_X1_F2B6_DUO52HI53LO:I21|PCLB001_JURKAT_6H_X3_F2B6_DUO52HI53LO:I05|PCLB001_JURKAT_6H_X3_F2B6_DUO52HI53LO:I13|PCLB001_JURKAT_6H_X3_F2B6_DUO52HI53LO:I21
PCLB001_JURKAT_6H:BRD-K36452089-001-01-8:2.5,BRD-K36452089,tert-butylhydroquinone,trt_cp,JURKAT,2.5,µM,3 µM,6,h,6 h,PCLB001_JURKAT_6H_X1_F2B6_DUO52HI53LO:I06|PCLB001_JURKAT_6H_X1_F2B6_DUO52HI53LO:I14|PCLB001_JURKAT_6H_X1_F2B6_DUO52HI53LO:I22|PCLB001_JURKAT_6H_X3_F2B6_DUO52HI53LO:I06|PCLB001_JURKAT_6H_X3_F2B6_DUO52HI53LO:I14|PCLB001_JURKAT_6H_X3_F2B6_DUO52HI53LO:I22
PCLB001_JURKAT_6H:BRD-K36452089-001-01-8:3.33,BRD-K36452089,tert-butylhydroquinone,trt_cp,JURKAT,3.33,µM,3 µM,6,h,6 h,PCLB001_JURKAT_6H_X1_B12:I06|PCLB001_JURKAT_6H_X1_B12:I14|PCLB001_JURKAT_6H_X1_B12:I22
CPC006_HEPG2_6H:BRD-A62809825-001-01-7:10,BRD-A62809825,thapsigargin,trt_cp,HEPG2,10,µM,10 µM,6,h,6 h,CPC006_HEPG2_6H_X1.L2_F1B6_DUO52HI53LO:A20|CPC006_HEPG2_6H_X4_B4_DUO52HI53LO:A20|CPC006_HEPG2_6H_X5_B4_DUO52HI53LO:A20
CPC008_HEPG2_6H:BRD-K44432556-001-03-0:10,BRD-K44432556,VU-0418946-1,trt_cp,HEPG2,10,µM,10 µM,6,h,6 h,CPC008_HEPG2_6H_X1_F1B3_DUO52HI53LO:L11|CPC008_HEPG2_6H_X2_B4_DUO52HI53LO:L11|CPC008_HEPG2_6H_X3_B4_DUO52HI53LO:L11
CPC017_HEPG2_6H:BRD-K60476892-001-02-1:10,BRD-K60476892,YC-1,trt_cp,HEPG2,10,µM,10 µM,6,h,6 h,CPC017_HEPG2_6H_X1_F1B4_DUO52HI53LO:E13|CPC017_HEPG2_6H_X3_F1B4_DUO52HI53LO:E13|CPC017_HEPG2_6H_X4_F1B4_DUO52HI53LO:E13
CVD001_HEPG2_24H:BRD-K60476892-001-02-1:16.4289,BRD-K60476892,YC-1,trt_cp,HEPG2,16.4289,µM,20 µM,24,h,24 h,CVD001_HEPG2_24H_X1_F1B3_DUO52HI53LO:G09|CVD001_HEPG2_24H_X2_F1B3_DUO52HI53LO:G09|CVD001_HEPG2_24H_X3_F1B3_DUO52HI53LO:G09
CVD001_HEPG2_24H:BRD-K60476892-001-02-1:4.1072,BRD-K60476892,YC-1,trt_cp,HEPG2,4.1072,µM,5 µM,24,h,24 h,CVD001_HEPG2_24H_X1_F1B3_DUO52HI53LO:H09|CVD001_HEPG2_24H_X2_F1B3_DUO52HI53LO:H09|CVD001_HEPG2_24H_X3_F1B3_DUO52HI53LO:H09
CVD001_HEPG2_6H:BRD-K60476892-001-02-1:16.4289,BRD-K60476892,YC-1,trt_cp,HEPG2,16.4289,µM,20 µM,6,h,6 h,CVD001_HEPG2_6H_X1_F1B3_DUO52HI53LO:G09|CVD001_HEPG2_6H_X2_F1B3_DUO52HI53LO:G09|CVD001_HEPG2_6H_X3_F1B3_DUO52HI53LO:G09
CVD001_HEPG2_6H:BRD-K60476892-001-02-1:4.1072,BRD-K60476892,YC-1,trt_cp,HEPG2,4.1072,µM,5 µM,6,h,6 h,CVD001_HEPG2_6H_X1_F1B3_DUO52HI53LO:H09|CVD001_HEPG2_6H_X2_F1B3_DUO52HI53LO:H09|CVD001_HEPG2_6H_X3_F1B3_DUO52HI53LO:H09
LJP005_HEPG2_24H:K07,BRD-A39996500,radicicol,trt_cp,HEPG2,10.0 um,24 h,,,,,LJP005_HEPG2_24H_X1_B19:K07|LJP005_HEPG2_24H_X2_B19:K07|LJP005_HEPG2_24H_X3_B19:K07
LJP005_HEPG2_24H:K08,BRD-A39996500,radicicol,trt_cp,HEPG2,3.33 um,24 h,,,,,LJP005_HEPG2_24H_X1_B19:K08|LJP005_HEPG2_24H_X2_B19:K08|LJP005_HEPG2_24H_X3_B19:K08
LJP005_HEPG2_24H:K09,BRD-A39996500,radicicol,trt_cp,HEPG2,1.11 um,24 h,,,,,LJP005_HEPG2_24H_X1_B19:K09|LJP005_HEPG2_24H_X2_B19:K09|LJP005_HEPG2_24H_X3_B19:K09
LJP005_HEPG2_24H:K10,BRD-A39996500,radicicol,trt_cp,HEPG2,0.37 um,24 h,,,,,LJP005_HEPG2_24H_X1_B19:K10|LJP005_HEPG2_24H_X2_B19:K10|LJP005_HEPG2_24H_X3_B19:K10
LJP005_HEPG2_24H:K11,BRD-A39996500,radicicol,trt_cp,HEPG2,0.12 um,24 h,,,,,LJP005_HEPG2_24H_X1_B19:K11|LJP005_HEPG2_24H_X2_B19:K11|LJP005_HEPG2_24H_X3_B19:K11
LJP005_HEPG2_24H:K12,BRD-A39996500,radicicol,trt_cp,HEPG2,0.04 um,24 h,,,,,LJP005_HEPG2_24H_X1_B19:K12|LJP005_HEPG2_24H_X2_B19:K12|LJP005_HEPG2_24H_X3_B19:K12
LJP005_HEPG2_24H:O01,BRD-A19500257,geldanamycin,trt_cp,HEPG2,10.0 um,24 h,,,,,LJP005_HEPG2_24H_X1_B19:O01|LJP005_HEPG2_24H_X2_B19:O01|LJP005_HEPG2_24H_X3_B19:O01
LJP005_HEPG2_24H:O02,BRD-A19500257,geldanamycin,trt_cp,HEPG2,3.33 um,24 h,,,,,LJP005_HEPG2_24H_X1_B19:O02|LJP005_HEPG2_24H_X2_B19:O02|LJP005_HEPG2_24H_X3_B19:O02
LJP005_HEPG2_24H:O03,BRD-A19500257,geldanamycin,trt_cp,HEPG2,1.11 um,24 h,,,,,LJP005_HEPG2_24H_X1_B19:O03|LJP005_HEPG2_24H_X2_B19:O03|LJP005_HEPG2_24H_X3_B19:O03
LJP005_HEPG2_24H:O04,BRD-A19500257,geldanamycin,trt_cp,HEPG2,0.37 um,24 h,,,,,LJP005_HEPG2_24H_X1_B19:O04|LJP005_HEPG2_24H_X2_B19:O04|LJP005_HEPG2_24H_X3_B19:O04
LJP005_HEPG2_24H:O05,BRD-A19500257,geldanamycin,trt_cp,HEPG2,0.12 um,24 h,,,,,LJP005_HEPG2_24H_X1_B19:O05|LJP005_HEPG2_24H_X2_B19:O05|LJP005_HEPG2_24H_X3_B19:O05
LJP005_HEPG2_24H:O06,BRD-A19500257,geldanamycin,trt_cp,HEPG2,0.04 um,24 h,,,,,LJP005_HEPG2_24H_X1_B19:O06|LJP005_HEPG2_24H_X2_B19:O06|LJP005_HEPG2_24H_X3_B19:O06